inning,over,striker_run,non_striker_run,run_rate,b1,b2,b3,b4,b5,wicket_in_over,total_wicket,prev_total_score,score_in_over,next_over_score
1,1,6,6,12.0,0,0,0,0,12,0,0,0.0,12,11.0
1,2,5,6,11.5,11,0,0,0,0,0,0,12.0,11,18.0
1,3,10,8,13.67,0,18,0,0,0,0,0,23.0,18,8.0
1,4,4,4,12.25,8,0,0,0,0,1,1,41.0,8,16.0
1,5,6,10,13.0,0,0,16,0,0,0,1,49.0,16,6.0
1,6,2,4,11.83,0,0,0,6,0,0,1,65.0,6,11.0
1,7,0,11,11.71,0,11,0,0,0,1,2,71.0,11,11.0
1,8,11,0,11.62,0,0,0,0,11,0,2,82.0,11,24.0
1,9,12,12,13.0,0,0,24,0,0,0,2,93.0,24,1.0
1,10,1,0,11.8,0,0,0,1,0,0,2,117.0,1,15.0
1,11,9,6,12.09,15,0,0,0,0,0,2,118.0,15,10.0
1,12,9,1,11.92,0,0,0,10,0,0,2,133.0,10,14.0
1,13,5,9,12.08,0,0,14,0,0,1,3,143.0,14,7.0
1,14,5,2,11.71,0,0,0,0,7,0,3,157.0,7,11.0
1,15,6,5,11.67,0,0,0,11,0,0,3,164.0,11,5.0
1,16,4,1,11.25,0,0,0,0,5,0,3,175.0,5,7.0
1,17,1,6,11.0,0,7,0,0,0,0,3,180.0,7,10.0
1,18,10,0,10.94,10,0,0,0,0,0,3,187.0,10,11.0
1,19,4,7,10.95,0,11,0,0,0,1,4,197.0,11,15.0
1,20,10,5,11.15,0,0,15,0,0,1,5,208.0,15,11.766766766766766
2,1,11,4,15.0,0,0,15,0,0,0,0,0.0,15,10.0
2,2,8,2,12.5,0,0,0,10,0,0,0,15.0,10,17.0
2,3,6,11,14.0,0,0,0,0,17,1,1,25.0,17,14.0
2,4,9,5,14.0,0,0,14,0,0,0,1,42.0,14,10.0
2,5,9,1,13.2,0,0,0,0,10,0,1,56.0,10,2.0
2,6,2,0,11.33,0,0,2,0,0,0,1,66.0,2,9.0
2,7,4,5,11.0,0,0,0,9,0,0,1,68.0,9,19.0
2,8,11,8,12.0,0,19,0,0,0,0,1,77.0,19,10.0
2,9,2,8,11.78,0,0,0,10,0,0,1,96.0,10,1.0
2,10,0,1,10.7,0,1,0,0,0,0,1,106.0,1,19.0
2,11,11,8,11.45,19,0,0,0,0,0,1,107.0,19,8.0
2,12,4,4,11.17,0,0,8,0,0,0,1,126.0,8,9.0
2,13,2,7,11.0,0,0,0,9,0,0,1,134.0,9,17.0
2,14,6,11,11.43,17,0,0,0,0,0,1,143.0,17,13.0
2,15,8,5,11.53,0,13,0,0,0,0,1,160.0,13,7.0
2,16,7,0,11.25,7,0,0,0,0,0,1,173.0,7,18.0
2,17,6,12,11.65,0,0,0,0,18,0,1,180.0,18,14.0
2,18,8,6,11.78,14,0,0,0,0,0,1,198.0,14,10.0
2,19,9,1,11.68,0,0,0,0,10,0,1,212.0,10,14.0
2,20,7,7,11.8,0,14,0,0,0,1,2,222.0,14,11.766766766766766
3,1,1,4,5.0,0,0,5,0,0,1,1,0.0,5,13.0
3,2,12,1,9.0,0,0,0,0,13,1,2,5.0,13,22.0
3,3,10,12,13.33,22,0,0,0,0,1,3,18.0,22,11.0
3,4,9,2,12.75,0,0,0,0,11,0,3,40.0,11,2.0
3,5,0,2,10.6,0,0,2,0,0,0,3,51.0,2,8.0
3,6,0,8,10.17,0,0,0,0,8,1,4,53.0,8,18.0
3,7,8,10,11.29,18,0,0,0,0,0,4,61.0,18,14.0
3,8,2,12,11.62,0,0,0,14,0,0,4,79.0,14,13.0
3,9,12,1,11.78,0,0,13,0,0,0,4,93.0,13,15.0
3,10,8,7,12.1,0,0,0,15,0,0,4,106.0,15,11.0
3,11,6,5,12.0,0,0,11,0,0,0,4,121.0,11,12.0
3,12,6,6,12.0,12,0,0,0,0,0,4,132.0,12,16.0
3,13,5,11,12.31,0,0,0,0,16,0,4,144.0,16,17.0
3,14,5,12,12.64,0,17,0,0,0,0,4,160.0,17,14.0
3,15,8,6,12.73,0,0,0,14,0,0,4,177.0,14,7.0
3,16,0,7,12.38,7,0,0,0,0,0,4,191.0,7,10.0
3,17,2,8,12.24,0,10,0,0,0,0,4,198.0,10,16.0
3,18,6,10,12.44,0,0,0,16,0,0,4,208.0,16,15.0
3,19,6,9,12.58,0,15,0,0,0,1,5,224.0,15,7.0
3,20,3,4,12.3,0,7,0,0,0,1,6,239.0,7,11.766766766766766
4,1,11,7,18.0,18,0,0,0,0,0,0,0.0,18,12.0
4,2,6,6,15.0,0,12,0,0,0,0,0,18.0,12,5.0
4,3,5,0,11.67,0,0,0,0,5,0,0,30.0,5,20.0
4,4,12,8,13.75,0,20,0,0,0,1,1,35.0,20,14.0
4,5,2,12,13.8,0,0,0,0,14,1,2,55.0,14,9.0
4,6,7,2,13.0,9,0,0,0,0,1,3,69.0,9,13.0
4,7,5,8,13.0,0,0,0,0,13,1,4,78.0,13,13.0
4,8,4,9,13.0,13,0,0,0,0,0,4,91.0,13,11.0
4,9,0,11,12.78,0,0,0,11,0,0,4,104.0,11,10.0
4,10,1,9,12.5,0,0,0,0,10,0,4,115.0,10,18.0
4,11,11,7,13.0,18,0,0,0,0,1,5,125.0,18,18.0
4,12,11,7,13.42,0,0,18,0,0,0,5,143.0,18,10.0
4,13,3,7,13.15,0,0,0,10,0,0,5,161.0,10,12.0
4,14,9,3,13.07,0,0,12,0,0,0,5,171.0,12,16.0
4,15,12,4,13.27,0,0,0,16,0,0,5,183.0,16,11.0
4,16,2,9,13.12,0,11,0,0,0,0,5,199.0,11,8.0
4,17,3,5,12.82,0,0,0,8,0,1,6,210.0,8,23.0
4,18,11,12,13.39,0,0,23,0,0,0,6,218.0,23,12.0
4,19,10,2,13.32,0,12,0,0,0,0,6,241.0,12,20.0
4,20,11,9,13.65,0,0,20,0,0,0,6,253.0,20,11.766766766766766
5,1,10,5,15.0,0,0,0,0,15,1,1,0.0,15,7.0
5,2,6,1,11.0,0,0,0,7,0,0,1,15.0,7,6.0
5,3,1,5,9.33,0,0,0,0,6,1,2,22.0,6,11.0
5,4,5,6,9.75,0,0,0,11,0,0,2,28.0,11,6.0
5,5,4,2,9.0,0,0,6,0,0,0,2,39.0,6,4.0
5,6,3,1,8.17,0,0,0,0,4,0,2,45.0,4,11.0
5,7,8,3,8.57,0,11,0,0,0,1,3,49.0,11,8.0
5,8,4,4,8.5,8,0,0,0,0,0,3,60.0,8,5.0
5,9,1,4,8.11,0,0,5,0,0,1,4,68.0,5,19.0
5,10,9,10,9.2,0,19,0,0,0,0,4,73.0,19,12.0
5,11,6,6,9.45,0,0,0,0,12,1,5,92.0,12,8.0
5,12,3,5,9.33,0,0,0,8,0,0,5,104.0,8,12.0
5,13,11,1,9.54,0,12,0,0,0,1,6,112.0,12,12.0
5,14,6,6,9.71,12,0,0,0,0,0,6,124.0,12,8.0
5,15,3,5,9.6,0,0,8,0,0,0,6,136.0,8,14.0
5,16,3,11,9.88,0,14,0,0,0,0,6,144.0,14,13.0
5,17,6,7,10.06,13,0,0,0,0,0,6,158.0,13,1.0
5,18,0,1,9.56,0,0,0,1,0,0,6,171.0,1,19.0
5,19,10,9,10.05,19,0,0,0,0,0,6,172.0,19,12.0
5,20,2,10,10.15,0,0,12,0,0,1,7,191.0,12,11.766766766766766
6,1,3,11,14.0,14,0,0,0,0,0,0,0.0,14,5.0
6,2,0,5,9.5,0,0,0,0,5,0,0,14.0,5,5.0
6,3,0,5,8.0,0,0,0,5,0,1,1,19.0,5,23.0
6,4,11,12,11.75,0,23,0,0,0,0,1,24.0,23,4.0
6,5,3,1,10.2,0,0,0,4,0,0,1,47.0,4,6.0
6,6,4,2,9.5,6,0,0,0,0,0,1,51.0,6,7.0
6,7,2,5,9.14,0,0,7,0,0,1,2,57.0,7,9.0
6,8,4,5,9.12,0,9,0,0,0,0,2,64.0,9,3.0
6,9,0,3,8.44,0,0,0,0,3,1,3,73.0,3,10.0
6,10,6,4,8.6,0,10,0,0,0,0,3,76.0,10,9.0
6,11,2,7,8.64,0,0,9,0,0,0,3,86.0,9,11.0
6,12,1,10,8.83,0,0,0,0,11,0,3,95.0,11,20.0
6,13,10,10,9.69,20,0,0,0,0,0,3,106.0,20,17.0
6,14,5,12,10.21,0,0,17,0,0,1,4,126.0,17,20.0
6,15,12,8,10.87,0,0,0,20,0,0,4,143.0,20,21.0
6,16,9,12,11.5,0,0,0,0,21,0,4,163.0,21,9.0
6,17,5,4,11.35,0,9,0,0,0,0,4,184.0,9,19.0
6,18,10,9,11.78,19,0,0,0,0,0,4,193.0,19,1.0
6,19,0,1,11.21,0,0,0,1,0,0,4,212.0,1,6.0
6,20,2,4,10.95,0,0,6,0,0,1,5,213.0,6,11.766766766766766
7,1,5,0,5.0,0,0,0,5,0,0,0,0.0,5,22.0
7,2,10,12,13.5,0,0,22,0,0,0,0,5.0,22,5.0
7,3,4,1,10.67,5,0,0,0,0,0,0,27.0,5,15.0
7,4,10,5,11.75,0,15,0,0,0,0,0,32.0,15,16.0
7,5,6,10,12.6,16,0,0,0,0,0,0,47.0,16,1.0
7,6,1,0,10.67,0,1,0,0,0,1,1,63.0,1,13.0
7,7,4,9,11.0,0,0,13,0,0,0,1,64.0,13,8.0
7,8,2,6,10.62,8,0,0,0,0,0,1,77.0,8,21.0
7,9,10,11,11.78,0,21,0,0,0,1,2,85.0,21,12.0
7,10,8,4,11.8,0,0,0,12,0,1,3,106.0,12,13.0
7,11,10,3,11.91,0,0,13,0,0,0,3,118.0,13,17.0
7,12,6,11,12.33,0,0,0,17,0,0,3,131.0,17,4.0
7,13,4,0,11.69,0,0,0,0,4,1,4,148.0,4,6.0
7,14,2,4,11.29,0,0,0,6,0,0,4,152.0,6,15.0
7,15,11,4,11.53,0,15,0,0,0,0,4,158.0,15,3.0
7,16,1,2,11.0,0,0,3,0,0,0,4,173.0,3,13.0
7,17,5,8,11.12,13,0,0,0,0,0,4,176.0,13,12.0
7,18,2,10,11.17,0,0,0,0,12,0,4,189.0,12,12.0
7,19,12,0,11.21,0,0,0,0,12,1,5,201.0,12,17.0
7,20,9,8,11.5,0,0,0,0,17,0,5,213.0,17,11.766766766766766
8,1,0,10,10.0,10,0,0,0,0,0,0,0.0,10,13.0
8,2,9,4,11.5,0,0,0,0,13,1,1,10.0,13,17.0
8,3,5,12,13.33,0,0,17,0,0,0,1,23.0,17,1.0
8,4,0,1,10.25,0,0,0,0,1,0,1,40.0,1,10.0
8,5,9,1,10.2,0,0,10,0,0,0,1,41.0,10,16.0
8,6,9,7,11.17,0,16,0,0,0,0,1,51.0,16,18.0
8,7,8,10,12.14,0,0,0,0,18,0,1,67.0,18,16.0
8,8,7,9,12.62,0,16,0,0,0,0,1,85.0,16,12.0
8,9,3,9,12.56,12,0,0,0,0,0,1,101.0,12,11.0
8,10,10,1,12.4,0,11,0,0,0,0,1,113.0,11,9.0
8,11,0,9,12.09,0,0,0,9,0,0,1,124.0,9,12.0
8,12,9,3,12.08,12,0,0,0,0,0,1,133.0,12,9.0
8,13,0,9,11.85,0,9,0,0,0,0,1,145.0,9,14.0
8,14,3,11,12.0,14,0,0,0,0,1,2,154.0,14,18.0
8,15,7,11,12.4,0,0,0,18,0,1,3,168.0,18,17.0
8,16,9,8,12.69,0,0,0,0,17,0,3,186.0,17,10.0
8,17,2,8,12.53,0,0,0,10,0,0,3,203.0,10,13.0
8,18,6,7,12.56,0,0,13,0,0,0,3,213.0,13,16.0
8,19,7,9,12.74,0,0,0,16,0,0,3,226.0,16,12.0
8,20,2,10,12.7,0,0,12,0,0,0,3,242.0,12,11.766766766766766
9,1,3,6,9.0,0,0,0,9,0,0,0,0.0,9,1.0
9,2,0,1,5.0,1,0,0,0,0,0,0,9.0,1,1.0
9,3,0,1,3.67,0,0,1,0,0,0,0,10.0,1,7.0
9,4,3,4,4.5,0,7,0,0,0,0,0,11.0,7,10.0
9,5,1,9,5.6,0,0,10,0,0,1,1,18.0,10,7.0
9,6,7,0,5.83,0,7,0,0,0,0,1,28.0,7,16.0
9,7,7,9,7.29,0,0,0,0,16,0,1,35.0,16,12.0
9,8,0,12,7.88,0,0,12,0,0,1,2,51.0,12,9.0
9,9,4,5,8.0,9,0,0,0,0,0,2,63.0,9,14.0
9,10,12,2,8.6,0,0,0,0,14,1,3,72.0,14,8.0
9,11,7,1,8.55,0,0,8,0,0,1,4,86.0,8,6.0
9,12,1,5,8.33,0,0,0,0,6,0,4,94.0,6,17.0
9,13,9,8,9.0,17,0,0,0,0,0,4,100.0,17,9.0
9,14,1,8,9.0,0,0,0,9,0,0,4,117.0,9,13.0
9,15,9,4,9.27,0,13,0,0,0,1,5,126.0,13,1.0
9,16,1,0,8.75,0,0,0,1,0,0,5,139.0,1,11.0
9,17,9,2,8.88,11,0,0,0,0,0,5,140.0,11,9.0
9,18,0,9,8.89,0,0,0,9,0,0,5,151.0,9,11.0
9,19,10,1,9.0,0,11,0,0,0,0,5,160.0,11,6.0
9,20,5,1,8.85,0,0,0,0,6,0,5,171.0,6,11.766766766766766
10,1,8,4,12.0,0,0,0,0,12,0,0,0.0,12,8.0
10,2,3,5,10.0,8,0,0,0,0,0,0,12.0,8,20.0
10,3,9,11,13.33,0,20,0,0,0,0,0,20.0,20,18.0
10,4,9,9,14.5,18,0,0,0,0,0,0,40.0,18,10.0
10,5,10,0,13.6,0,0,0,0,10,0,0,58.0,10,16.0
10,6,10,6,14.0,16,0,0,0,0,0,0,68.0,16,18.0
10,7,8,10,14.57,0,18,0,0,0,0,0,84.0,18,15.0
10,8,8,7,14.62,0,0,0,0,15,0,0,102.0,15,8.0
10,9,1,7,13.89,0,8,0,0,0,0,0,117.0,8,13.0
10,10,7,6,13.8,0,0,0,13,0,0,0,125.0,13,4.0
10,11,2,2,12.91,4,0,0,0,0,0,0,138.0,4,16.0
10,12,5,11,13.17,0,0,0,0,16,0,0,142.0,16,18.0
10,13,8,10,13.54,0,18,0,0,0,0,0,158.0,18,14.0
10,14,9,5,13.57,0,0,0,14,0,0,0,176.0,14,9.0
10,15,6,3,13.27,0,0,9,0,0,0,0,190.0,9,7.0
10,16,0,7,12.88,0,0,0,7,0,0,0,199.0,7,15.0
10,17,10,5,13.0,0,0,15,0,0,0,0,206.0,15,17.0
10,18,10,7,13.22,0,0,0,17,0,1,1,221.0,17,10.0
10,19,3,7,13.05,0,0,10,0,0,1,2,238.0,10,12.0
10,20,4,8,13.0,0,0,12,0,0,0,2,248.0,12,11.766766766766766
11,1,4,2,6.0,6,0,0,0,0,0,0,0.0,6,13.0
11,2,10,3,9.5,0,0,0,0,13,0,0,6.0,13,16.0
11,3,12,4,11.67,16,0,0,0,0,0,0,19.0,16,10.0
11,4,8,2,11.25,0,0,0,0,10,1,1,35.0,10,8.0
11,5,4,4,10.6,0,0,8,0,0,0,1,45.0,8,18.0
11,6,6,12,11.83,0,0,0,0,18,1,2,53.0,18,4.0
11,7,4,0,10.71,4,0,0,0,0,0,2,71.0,4,22.0
11,8,12,10,12.12,0,0,0,22,0,0,2,75.0,22,12.0
11,9,6,6,12.11,12,0,0,0,0,0,2,97.0,12,24.0
11,10,12,12,13.3,0,0,0,24,0,0,2,109.0,24,17.0
11,11,5,12,13.64,0,0,17,0,0,0,2,133.0,17,9.0
11,12,7,2,13.25,0,0,0,9,0,0,2,150.0,9,5.0
11,13,2,3,12.62,0,0,0,0,5,0,2,159.0,5,8.0
11,14,0,8,12.29,0,8,0,0,0,1,3,164.0,8,12.0
11,15,1,11,12.27,0,0,12,0,0,0,3,172.0,12,7.0
11,16,4,3,11.94,0,0,0,7,0,0,3,184.0,7,10.0
11,17,1,9,11.82,0,10,0,0,0,0,3,191.0,10,18.0
11,18,8,10,12.17,0,0,18,0,0,0,3,201.0,18,1.0
11,19,0,1,11.58,0,1,0,0,0,0,3,219.0,1,21.0
11,20,12,9,12.05,0,21,0,0,0,0,3,220.0,21,11.766766766766766
12,1,4,1,5.0,0,0,0,5,0,0,0,0.0,5,18.0
12,2,6,12,11.5,18,0,0,0,0,0,0,5.0,18,5.0
12,3,2,3,9.33,0,0,0,0,5,0,0,23.0,5,6.0
12,4,4,2,8.5,0,0,0,6,0,1,1,28.0,6,14.0
12,5,5,9,9.6,0,14,0,0,0,0,1,34.0,14,9.0
12,6,6,3,9.5,0,0,0,9,0,0,1,48.0,9,7.0
12,7,5,2,9.14,7,0,0,0,0,0,1,57.0,7,21.0
12,8,10,11,10.62,0,0,21,0,0,0,1,64.0,21,17.0
12,9,12,5,11.33,0,0,0,17,0,0,1,85.0,17,17.0
12,10,6,11,11.9,17,0,0,0,0,1,2,102.0,17,5.0
12,11,1,4,11.27,0,0,0,0,5,0,2,119.0,5,8.0
12,12,5,3,11.0,0,8,0,0,0,0,2,124.0,8,9.0
12,13,9,0,10.85,9,0,0,0,0,1,3,132.0,9,9.0
12,14,7,2,10.71,0,0,9,0,0,1,4,141.0,9,9.0
12,15,7,2,10.6,0,9,0,0,0,0,4,150.0,9,14.0
12,16,6,8,10.81,0,0,14,0,0,0,4,159.0,14,13.0
12,17,2,11,10.94,0,0,0,0,13,1,5,173.0,13,12.0
12,18,4,8,11.0,0,12,0,0,0,0,5,186.0,12,10.0
12,19,7,3,10.95,0,0,10,0,0,1,6,198.0,10,3.0
12,20,1,2,10.55,0,0,0,0,3,0,6,208.0,3,11.766766766766766
13,1,9,9,18.0,0,18,0,0,0,1,1,0.0,18,12.0
13,2,3,9,15.0,12,0,0,0,0,1,2,18.0,12,8.0
13,3,8,0,12.67,0,0,0,0,8,1,3,30.0,8,8.0
13,4,6,2,11.5,0,0,8,0,0,0,3,38.0,8,7.0
13,5,1,6,10.6,0,0,0,0,7,1,4,46.0,7,0.0
13,6,0,0,8.83,0,0,0,0,0,0,4,53.0,0,6.0
13,7,2,4,8.43,0,0,0,0,6,1,5,53.0,6,7.0
13,8,7,0,8.25,0,7,0,0,0,0,5,59.0,7,8.0
13,9,3,5,8.22,0,0,0,0,8,0,5,66.0,8,10.0
13,10,1,9,8.4,0,0,0,10,0,0,5,74.0,10,10.0
13,11,5,5,8.55,0,0,10,0,0,0,5,84.0,10,6.0
13,12,2,4,8.33,6,0,0,0,0,0,5,94.0,6,8.0
13,13,1,7,8.31,0,0,8,0,0,0,5,100.0,8,3.0
13,14,0,3,7.93,0,0,0,3,0,0,5,108.0,3,5.0
13,15,3,2,7.73,0,5,0,0,0,1,6,111.0,5,3.0
13,16,2,1,7.44,0,0,3,0,0,1,7,116.0,3,19.0
13,17,12,7,8.12,0,0,0,19,0,0,7,119.0,19,8.0
13,18,1,7,8.11,8,0,0,0,0,0,7,138.0,8,4.0
13,19,1,3,7.89,0,4,0,0,0,0,7,146.0,4,13.0
13,20,7,6,8.15,13,0,0,0,0,1,8,150.0,13,11.766766766766766
14,1,3,6,9.0,0,9,0,0,0,0,0,0.0,9,8.0
14,2,0,8,8.5,8,0,0,0,0,1,1,9.0,8,14.0
14,3,10,4,10.33,0,14,0,0,0,0,1,17.0,14,20.0
14,4,10,10,12.75,0,0,0,0,20,0,1,31.0,20,19.0
14,5,11,8,14.0,0,0,19,0,0,0,1,51.0,19,16.0
14,6,5,11,14.33,0,16,0,0,0,0,1,70.0,16,16.0
14,7,11,5,14.57,16,0,0,0,0,0,1,86.0,16,11.0
14,8,7,4,14.12,0,11,0,0,0,1,2,102.0,11,14.0
14,9,10,4,14.11,14,0,0,0,0,0,2,113.0,14,13.0
14,10,10,3,14.0,0,0,0,0,13,0,2,127.0,13,11.0
14,11,10,1,13.73,11,0,0,0,0,0,2,140.0,11,10.0
14,12,1,9,13.42,0,0,0,10,0,1,3,151.0,10,10.0
14,13,2,8,13.15,0,0,10,0,0,1,4,161.0,10,9.0
14,14,7,2,12.86,0,0,0,9,0,0,4,171.0,9,7.0
14,15,5,2,12.47,0,0,7,0,0,0,4,180.0,7,14.0
14,16,7,7,12.56,0,0,0,0,14,1,5,187.0,14,17.0
14,17,11,6,12.82,0,0,17,0,0,0,5,201.0,17,11.0
14,18,9,2,12.72,0,0,0,0,11,1,6,218.0,11,11.0
14,19,7,4,12.63,0,0,0,11,0,0,6,229.0,11,15.0
14,20,11,4,12.75,0,0,0,15,0,0,6,240.0,15,11.766766766766766
15,1,6,11,17.0,0,17,0,0,0,1,1,0.0,17,9.0
15,2,9,0,13.0,0,0,9,0,0,0,1,17.0,9,9.0
15,3,1,8,11.67,0,0,0,0,9,0,1,26.0,9,13.0
15,4,11,2,12.0,13,0,0,0,0,0,1,35.0,13,15.0
15,5,4,11,12.6,0,0,0,15,0,0,1,48.0,15,17.0
15,6,5,12,13.33,0,0,0,0,17,0,1,63.0,17,8.0
15,7,5,3,12.57,8,0,0,0,0,1,2,80.0,8,11.0
15,8,5,6,12.38,0,11,0,0,0,0,2,88.0,11,19.0
15,9,9,10,13.11,0,0,19,0,0,0,2,99.0,19,10.0
15,10,5,5,12.8,0,10,0,0,0,1,3,118.0,10,15.0
15,11,12,3,13.0,0,0,0,0,15,0,3,128.0,15,19.0
15,12,11,8,13.5,19,0,0,0,0,1,4,143.0,19,4.0
15,13,0,4,12.77,0,0,0,0,4,1,5,162.0,4,12.0
15,14,3,9,12.71,0,12,0,0,0,0,5,166.0,12,15.0
15,15,7,8,12.87,0,0,0,15,0,1,6,178.0,15,20.0
15,16,10,10,13.31,20,0,0,0,0,0,6,193.0,20,0.0
15,17,0,0,12.53,0,0,0,0,0,0,6,213.0,0,19.0
15,18,8,11,12.89,0,0,0,19,0,0,6,213.0,19,17.0
15,19,6,11,13.11,0,0,17,0,0,1,7,232.0,17,11.0
15,20,1,10,13.0,0,0,0,11,0,0,7,249.0,11,11.766766766766766
16,1,12,3,15.0,0,0,0,0,15,0,0,0.0,15,17.0
16,2,5,12,16.0,0,0,17,0,0,1,1,15.0,17,11.0
16,3,8,3,14.33,0,0,0,0,11,0,1,32.0,11,15.0
16,4,5,10,14.5,0,15,0,0,0,1,2,43.0,15,12.0
16,5,2,10,14.0,12,0,0,0,0,1,3,58.0,12,16.0
16,6,7,9,14.33,0,0,0,16,0,0,3,70.0,16,14.0
16,7,9,5,14.29,0,0,0,0,14,1,4,86.0,14,16.0
16,8,4,12,14.5,0,0,0,16,0,1,5,100.0,16,9.0
16,9,1,8,13.89,0,0,0,0,9,0,5,116.0,9,16.0
16,10,4,12,14.1,0,16,0,0,0,0,5,125.0,16,13.0
16,11,5,8,14.0,0,0,0,13,0,0,5,141.0,13,18.0
16,12,12,6,14.33,0,18,0,0,0,0,5,154.0,18,13.0
16,13,7,6,14.23,0,0,0,13,0,0,5,172.0,13,14.0
16,14,9,5,14.21,0,0,14,0,0,0,5,185.0,14,11.0
16,15,2,9,14.0,11,0,0,0,0,0,5,199.0,11,0.0
16,16,0,0,13.12,0,0,0,0,0,0,5,210.0,0,8.0
16,17,6,2,12.82,8,0,0,0,0,0,5,210.0,8,12.0
16,18,2,10,12.78,0,0,12,0,0,0,5,218.0,12,20.0
16,19,12,8,13.16,20,0,0,0,0,1,6,230.0,20,3.0
16,20,0,3,12.65,0,3,0,0,0,0,6,250.0,3,11.766766766766766
17,1,7,12,19.0,0,0,19,0,0,0,0,0.0,19,14.0
17,2,9,5,16.5,0,0,0,14,0,0,0,19.0,14,7.0
17,3,6,1,13.33,7,0,0,0,0,0,0,33.0,7,15.0
17,4,12,3,13.75,0,0,0,0,15,0,0,40.0,15,11.0
17,5,11,0,13.2,0,11,0,0,0,0,0,55.0,11,18.0
17,6,6,12,14.0,0,0,18,0,0,0,0,66.0,18,13.0
17,7,1,12,13.86,0,0,0,0,13,0,0,84.0,13,3.0
17,8,1,2,12.5,0,3,0,0,0,1,1,97.0,3,21.0
17,9,9,12,13.44,0,0,0,21,0,0,1,100.0,21,15.0
17,10,3,12,13.6,0,0,15,0,0,0,1,121.0,15,9.0
17,11,6,3,13.18,0,0,0,0,9,0,1,136.0,9,9.0
17,12,2,7,12.83,0,0,0,9,0,0,1,145.0,9,5.0
17,13,1,4,12.23,5,0,0,0,0,0,1,154.0,5,16.0
17,14,4,12,12.5,0,16,0,0,0,0,1,159.0,16,18.0
17,15,8,10,12.87,0,0,18,0,0,0,1,175.0,18,10.0
17,16,2,8,12.69,0,0,0,0,10,1,2,193.0,10,15.0
17,17,11,4,12.82,15,0,0,0,0,0,2,203.0,15,20.0
17,18,8,12,13.22,0,20,0,0,0,0,2,218.0,20,11.0
17,19,6,5,13.11,11,0,0,0,0,0,2,238.0,11,4.0
17,20,0,4,12.65,0,0,0,4,0,0,2,249.0,4,11.766766766766766
18,1,10,7,17.0,0,0,17,0,0,0,0,0.0,17,14.0
18,2,5,9,15.5,0,0,0,0,14,0,0,17.0,14,15.0
18,3,11,4,15.33,0,15,0,0,0,1,1,31.0,15,18.0
18,4,10,8,16.0,0,0,18,0,0,1,2,46.0,18,18.0
18,5,9,9,16.4,18,0,0,0,0,0,2,64.0,18,12.0
18,6,7,5,15.67,0,0,12,0,0,1,3,82.0,12,19.0
18,7,9,10,16.14,0,0,0,0,19,1,4,94.0,19,19.0
18,8,7,12,16.5,19,0,0,0,0,0,4,113.0,19,18.0
18,9,12,6,16.67,0,0,0,0,18,0,4,132.0,18,16.0
18,10,9,7,16.6,16,0,0,0,0,0,4,150.0,16,5.0
18,11,3,2,15.55,0,0,5,0,0,0,4,166.0,5,14.0
18,12,10,4,15.42,14,0,0,0,0,0,4,171.0,14,14.0
18,13,12,2,15.31,0,0,0,0,14,1,5,185.0,14,0.0
18,14,0,0,14.21,0,0,0,0,0,0,5,199.0,0,15.0
18,15,7,8,14.27,0,15,0,0,0,0,5,199.0,15,4.0
18,16,3,1,13.62,0,0,0,4,0,0,5,214.0,4,14.0
18,17,8,6,13.65,0,14,0,0,0,0,5,218.0,14,11.0
18,18,10,1,13.5,0,0,0,11,0,0,5,232.0,11,9.0
18,19,3,6,13.26,0,9,0,0,0,1,6,243.0,9,9.0
18,20,8,1,13.05,0,0,0,9,0,0,6,252.0,9,11.766766766766766
19,1,0,6,6.0,0,0,0,0,6,0,0,0.0,6,17.0
19,2,6,11,11.5,0,17,0,0,0,1,1,6.0,17,15.0
19,3,12,3,12.67,0,0,15,0,0,1,2,23.0,15,10.0
19,4,2,8,12.0,10,0,0,0,0,0,2,38.0,10,6.0
19,5,3,3,10.8,0,0,0,0,6,0,2,48.0,6,11.0
19,6,4,7,10.83,11,0,0,0,0,1,3,54.0,11,14.0
19,7,2,12,11.29,0,0,14,0,0,1,4,65.0,14,5.0
19,8,0,5,10.5,0,5,0,0,0,0,4,79.0,5,12.0
19,9,10,2,10.67,0,0,0,0,12,0,4,84.0,12,19.0
19,10,12,7,11.5,19,0,0,0,0,0,4,96.0,19,19.0
19,11,12,7,12.18,0,0,0,19,0,1,5,115.0,19,21.0
19,12,9,12,12.92,0,21,0,0,0,1,6,134.0,21,13.0
19,13,7,6,12.92,0,0,0,0,13,0,6,155.0,13,9.0
19,14,9,0,12.64,0,0,9,0,0,1,7,168.0,9,17.0
19,15,12,5,12.93,0,0,0,17,0,0,7,177.0,17,12.0
19,16,4,8,12.88,0,12,0,0,0,0,7,194.0,12,20.0
19,17,9,11,13.29,20,0,0,0,0,0,7,206.0,20,13.0
19,18,7,6,13.28,0,0,13,0,0,0,7,226.0,13,12.0
19,19,5,7,13.21,0,0,0,12,0,1,8,239.0,12,1.0
19,20,0,1,12.6,0,0,0,1,0,0,8,251.0,1,11.766766766766766
20,1,1,10,11.0,0,0,0,11,0,1,1,0.0,11,3.0
20,2,0,3,7.0,3,0,0,0,0,0,1,11.0,3,18.0
20,3,8,10,10.67,0,18,0,0,0,0,1,14.0,18,17.0
20,4,12,5,12.25,0,0,17,0,0,1,2,32.0,17,20.0
20,5,12,8,13.8,0,0,0,0,20,1,3,49.0,20,17.0
20,6,11,6,14.33,0,0,0,17,0,0,3,69.0,17,9.0
20,7,4,5,13.57,0,0,9,0,0,0,3,86.0,9,21.0
20,8,9,12,14.5,0,0,0,0,21,1,4,95.0,21,8.0
20,9,3,5,13.78,0,8,0,0,0,0,4,116.0,8,20.0
20,10,10,10,14.4,0,0,20,0,0,1,5,124.0,20,11.0
20,11,1,10,14.09,11,0,0,0,0,0,5,144.0,11,20.0
20,12,12,8,14.58,0,20,0,0,0,1,6,155.0,20,18.0
20,13,7,11,14.85,0,0,0,18,0,1,7,175.0,18,16.0
20,14,8,8,14.93,0,16,0,0,0,0,7,193.0,16,11.0
20,15,0,11,14.67,0,0,0,11,0,1,8,209.0,11,17.0
20,16,5,12,14.81,0,0,17,0,0,0,8,220.0,17,8.0
20,17,7,1,14.41,8,0,0,0,0,0,8,237.0,8,1.0
20,18,0,1,13.67,0,0,0,0,1,0,8,245.0,1,9.0
20,19,4,5,13.42,9,0,0,0,0,1,9,246.0,9,13.0
20,20,7,6,13.4,0,0,0,0,13,1,10,255.0,13,11.766766766766766
21,1,0,10,10.0,0,0,0,0,10,0,0,0.0,10,12.0
21,2,2,10,11.0,0,0,12,0,0,0,0,10.0,12,13.0
21,3,5,8,11.67,0,13,0,0,0,0,0,22.0,13,11.0
21,4,3,8,11.5,0,0,0,11,0,0,0,35.0,11,12.0
21,5,3,9,11.6,0,0,12,0,0,0,0,46.0,12,9.0
21,6,5,4,11.17,9,0,0,0,0,1,1,58.0,9,6.0
21,7,1,5,10.43,0,6,0,0,0,0,1,67.0,6,7.0
21,8,1,6,10.0,0,0,0,7,0,0,1,73.0,7,12.0
21,9,5,7,10.22,0,0,0,0,12,0,1,80.0,12,9.0
21,10,7,2,10.1,0,0,0,9,0,0,1,92.0,9,9.0
21,11,9,0,10.0,0,0,9,0,0,1,2,101.0,9,8.0
21,12,5,3,9.83,0,8,0,0,0,0,2,110.0,8,6.0
21,13,0,6,9.54,6,0,0,0,0,0,2,118.0,6,16.0
21,14,7,9,10.0,0,0,16,0,0,0,2,124.0,16,8.0
21,15,7,1,9.87,8,0,0,0,0,0,2,140.0,8,8.0
21,16,1,7,9.75,0,8,0,0,0,0,2,148.0,8,16.0
21,17,9,7,10.12,0,0,0,0,16,0,2,156.0,16,14.0
21,18,8,6,10.33,14,0,0,0,0,0,2,172.0,14,12.0
21,19,0,12,10.42,0,0,0,12,0,0,2,186.0,12,7.0
21,20,7,0,10.25,0,0,0,0,7,0,2,198.0,7,11.766766766766766
22,1,9,5,14.0,0,0,0,14,0,1,1,0.0,14,11.0
22,2,10,1,12.5,0,11,0,0,0,1,2,14.0,11,7.0
22,3,4,3,10.67,7,0,0,0,0,0,2,25.0,7,17.0
22,4,7,10,12.25,0,0,0,0,17,0,2,32.0,17,18.0
22,5,10,8,13.4,0,18,0,0,0,0,2,49.0,18,6.0
22,6,1,5,12.17,0,0,6,0,0,0,2,67.0,6,19.0
22,7,12,7,13.14,0,0,0,19,0,0,2,73.0,19,15.0
22,8,4,11,13.38,15,0,0,0,0,0,2,92.0,15,12.0
22,9,7,5,13.22,0,0,0,0,12,0,2,107.0,12,3.0
22,10,2,1,12.2,0,0,0,3,0,1,3,119.0,3,15.0
22,11,9,6,12.45,0,15,0,0,0,0,3,122.0,15,7.0
22,12,1,6,12.0,0,0,0,7,0,0,3,137.0,7,17.0
22,13,9,8,12.38,0,0,17,0,0,0,3,144.0,17,13.0
22,14,9,4,12.43,13,0,0,0,0,1,4,161.0,13,22.0
22,15,12,10,13.07,0,0,22,0,0,0,4,174.0,22,13.0
22,16,12,1,13.06,13,0,0,0,0,1,5,196.0,13,21.0
22,17,12,9,13.53,0,0,21,0,0,0,5,209.0,21,6.0
22,18,0,6,13.11,0,6,0,0,0,0,5,230.0,6,17.0
22,19,8,9,13.32,0,0,0,0,17,1,6,236.0,17,13.0
22,20,6,7,13.3,0,0,0,0,13,0,6,253.0,13,11.766766766766766
23,1,6,0,6.0,0,0,0,0,6,0,0,0.0,6,5.0
23,2,1,4,5.5,5,0,0,0,0,1,1,6.0,5,2.0
23,3,1,1,4.33,0,2,0,0,0,0,1,11.0,2,17.0
23,4,11,6,7.5,0,0,0,17,0,0,1,13.0,17,12.0
23,5,1,11,8.4,0,0,12,0,0,0,1,30.0,12,9.0
23,6,2,7,8.5,9,0,0,0,0,0,1,42.0,9,17.0
23,7,8,9,9.71,0,0,0,17,0,1,2,51.0,17,15.0
23,8,8,7,10.38,0,15,0,0,0,0,2,68.0,15,10.0
23,9,8,2,10.33,10,0,0,0,0,0,2,83.0,10,6.0
23,10,5,1,9.9,0,6,0,0,0,0,2,93.0,6,10.0
23,11,8,2,9.91,0,0,0,10,0,0,2,99.0,10,1.0
23,12,0,1,9.17,1,0,0,0,0,1,3,109.0,1,12.0
23,13,9,3,9.38,0,0,0,0,12,0,3,110.0,12,3.0
23,14,2,1,8.93,0,0,0,3,0,0,3,122.0,3,22.0
23,15,10,12,9.8,0,0,0,0,22,0,3,125.0,22,4.0
23,16,0,4,9.44,0,4,0,0,0,0,3,147.0,4,15.0
23,17,7,8,9.76,0,0,0,0,15,0,3,151.0,15,17.0
23,18,7,10,10.17,0,0,17,0,0,0,3,166.0,17,17.0
23,19,6,11,10.53,0,0,17,0,0,0,3,183.0,17,14.0
23,20,4,10,10.7,0,0,14,0,0,0,3,200.0,14,11.766766766766766
24,1,4,10,14.0,0,0,14,0,0,0,0,0.0,14,10.0
24,2,1,9,12.0,0,0,0,10,0,0,0,14.0,10,22.0
24,3,11,11,15.33,22,0,0,0,0,0,0,24.0,22,8.0
24,4,7,1,13.5,0,8,0,0,0,0,0,46.0,8,17.0
24,5,11,6,14.2,0,0,0,0,17,0,0,54.0,17,6.0
24,6,6,0,12.83,0,0,0,6,0,0,0,71.0,6,9.0
24,7,8,1,12.29,0,0,9,0,0,0,0,77.0,9,11.0
24,8,7,4,12.12,0,11,0,0,0,0,0,86.0,11,3.0
24,9,2,1,11.11,0,0,0,3,0,0,0,97.0,3,12.0
24,10,9,3,11.2,0,0,12,0,0,1,1,100.0,12,14.0
24,11,2,12,11.45,0,14,0,0,0,0,1,112.0,14,12.0
24,12,0,12,11.5,12,0,0,0,0,0,1,126.0,12,10.0
24,13,1,9,11.38,0,0,0,0,10,0,1,138.0,10,21.0
24,14,9,12,12.07,0,21,0,0,0,0,1,148.0,21,3.0
24,15,0,3,11.47,0,0,3,0,0,0,1,169.0,3,21.0
24,16,10,11,12.06,0,0,0,0,21,0,1,172.0,21,12.0
24,17,1,11,12.06,0,0,0,12,0,0,1,193.0,12,3.0
24,18,0,3,11.56,3,0,0,0,0,1,2,205.0,3,21.0
24,19,10,11,12.05,0,0,0,0,21,0,2,208.0,21,17.0
24,20,6,11,12.3,17,0,0,0,0,0,2,229.0,17,11.766766766766766
25,1,10,6,16.0,0,0,16,0,0,0,0,0.0,16,8.0
25,2,3,5,12.0,8,0,0,0,0,0,0,16.0,8,9.0
25,3,7,2,11.0,0,0,0,0,9,1,1,24.0,9,9.0
25,4,8,1,10.5,0,9,0,0,0,0,1,33.0,9,6.0
25,5,4,2,9.6,0,0,0,6,0,0,1,42.0,6,9.0
25,6,4,5,9.5,0,0,0,0,9,0,1,48.0,9,13.0
25,7,8,5,10.0,0,0,0,13,0,1,2,57.0,13,16.0
25,8,6,10,10.75,16,0,0,0,0,0,2,70.0,16,13.0
25,9,12,1,11.0,0,0,0,13,0,0,2,86.0,13,10.0
25,10,3,7,10.9,0,0,10,0,0,0,2,99.0,10,10.0
25,11,9,1,10.82,0,0,0,0,10,1,3,109.0,10,22.0
25,12,12,10,11.75,0,22,0,0,0,0,3,119.0,22,1.0
25,13,0,1,10.92,0,0,0,0,1,0,3,141.0,1,18.0
25,14,8,10,11.43,0,18,0,0,0,0,3,142.0,18,15.0
25,15,5,10,11.67,0,0,15,0,0,0,3,160.0,15,15.0
25,16,12,3,11.88,0,0,0,15,0,0,3,175.0,15,12.0
25,17,6,6,11.88,12,0,0,0,0,1,4,190.0,12,14.0
25,18,12,2,12.0,0,14,0,0,0,0,4,202.0,14,17.0
25,19,5,12,12.26,17,0,0,0,0,0,4,216.0,17,18.0
25,20,10,8,12.55,0,0,18,0,0,0,4,233.0,18,11.766766766766766
26,1,9,8,17.0,0,0,0,0,17,0,0,0.0,17,2.0
26,2,2,0,9.5,0,2,0,0,0,0,0,17.0,2,7.0
26,3,6,1,8.67,0,0,0,7,0,0,0,19.0,7,10.0
26,4,8,2,9.0,10,0,0,0,0,0,0,26.0,10,10.0
26,5,3,7,9.2,0,0,0,0,10,0,0,36.0,10,14.0
26,6,6,8,10.0,0,0,14,0,0,0,0,46.0,14,17.0
26,7,7,10,11.0,0,0,0,17,0,0,0,60.0,17,8.0
26,8,8,0,10.62,0,0,8,0,0,0,0,77.0,8,2.0
26,9,1,1,9.67,2,0,0,0,0,0,0,85.0,2,24.0
26,10,12,12,11.1,0,0,0,0,24,0,0,87.0,24,19.0
26,11,10,9,11.82,0,19,0,0,0,0,0,111.0,19,7.0
26,12,3,4,11.42,0,0,0,0,7,1,1,130.0,7,14.0
26,13,11,3,11.62,0,0,0,14,0,0,1,137.0,14,19.0
26,14,7,12,12.14,0,19,0,0,0,0,1,151.0,19,7.0
26,15,3,4,11.8,7,0,0,0,0,0,1,170.0,7,8.0
26,16,2,6,11.56,0,0,0,8,0,0,1,177.0,8,10.0
26,17,8,2,11.47,0,0,10,0,0,0,1,185.0,10,10.0
26,18,1,9,11.39,10,0,0,0,0,0,1,195.0,10,8.0
26,19,8,0,11.21,0,8,0,0,0,0,1,205.0,8,14.0
26,20,6,8,11.35,0,0,14,0,0,1,2,213.0,14,11.766766766766766
27,1,3,8,11.0,0,0,0,0,11,0,0,0.0,11,19.0
27,2,7,12,15.0,0,19,0,0,0,0,0,11.0,19,18.0
27,3,6,12,16.0,0,0,0,18,0,0,0,30.0,18,7.0
27,4,7,0,13.75,7,0,0,0,0,0,0,48.0,7,13.0
27,5,8,5,13.6,0,0,13,0,0,0,0,55.0,13,20.0
27,6,10,10,14.67,0,0,0,20,0,0,0,68.0,20,8.0
27,7,5,3,13.71,8,0,0,0,0,1,1,88.0,8,13.0
27,8,5,8,13.62,0,13,0,0,0,0,1,96.0,13,20.0
27,9,8,12,14.33,0,0,0,20,0,1,2,109.0,20,6.0
27,10,6,0,13.5,0,6,0,0,0,0,2,129.0,6,7.0
27,11,3,4,12.91,0,0,7,0,0,0,2,135.0,7,10.0
27,12,2,8,12.67,0,0,0,0,10,0,2,142.0,10,14.0
27,13,12,2,12.77,14,0,0,0,0,1,3,152.0,14,12.0
27,14,9,3,12.71,0,0,0,12,0,0,3,166.0,12,19.0
27,15,8,11,13.13,0,0,0,0,19,0,3,178.0,19,4.0
27,16,3,1,12.56,4,0,0,0,0,0,3,197.0,4,7.0
27,17,3,4,12.24,0,0,0,0,7,0,3,201.0,7,12.0
27,18,2,10,12.22,0,12,0,0,0,0,3,208.0,12,12.0
27,19,5,7,12.21,0,0,12,0,0,0,3,220.0,12,11.0
27,20,9,2,12.15,0,0,11,0,0,0,3,232.0,11,11.766766766766766
28,1,2,4,6.0,0,0,0,0,6,0,0,0.0,6,13.0
28,2,9,4,9.5,0,0,0,13,0,1,1,6.0,13,17.0
28,3,8,9,12.0,0,0,17,0,0,0,1,19.0,17,6.0
28,4,3,3,10.5,0,0,0,0,6,0,1,36.0,6,14.0
28,5,4,10,11.2,14,0,0,0,0,0,1,42.0,14,7.0
28,6,6,1,10.5,0,0,0,7,0,1,2,56.0,7,14.0
28,7,8,6,11.0,0,14,0,0,0,1,3,63.0,14,16.0
28,8,9,7,11.62,0,0,16,0,0,1,4,77.0,16,4.0
28,9,2,2,10.78,0,4,0,0,0,1,5,93.0,4,8.0
28,10,0,8,10.5,0,0,0,8,0,1,6,97.0,8,9.0
28,11,8,1,10.36,0,0,0,0,9,1,7,105.0,9,18.0
28,12,9,9,11.0,0,0,18,0,0,0,7,114.0,18,7.0
28,13,2,5,10.69,0,0,0,0,7,1,8,132.0,7,2.0
28,14,2,0,10.07,0,0,2,0,0,0,8,139.0,2,3.0
28,15,0,3,9.6,0,0,0,3,0,0,8,141.0,3,11.0
28,16,5,6,9.69,0,11,0,0,0,0,8,144.0,11,23.0
28,17,12,11,10.47,23,0,0,0,0,0,8,155.0,23,12.0
28,18,0,12,10.56,0,12,0,0,0,0,8,178.0,12,24.0
28,19,12,12,11.26,24,0,0,0,0,1,9,190.0,24,15.0
28,20,9,6,11.45,15,0,0,0,0,0,9,214.0,15,11.766766766766766
29,1,10,2,12.0,12,0,0,0,0,0,0,0.0,12,11.0
29,2,0,11,11.5,0,0,11,0,0,1,1,12.0,11,10.0
29,3,8,2,11.0,0,0,0,0,10,1,2,23.0,10,17.0
29,4,10,7,12.5,0,0,17,0,0,0,2,33.0,17,5.0
29,5,3,2,11.0,0,0,0,0,5,0,2,50.0,5,2.0
29,6,0,2,9.5,0,0,2,0,0,0,2,55.0,2,16.0
29,7,6,10,10.43,16,0,0,0,0,0,2,57.0,16,10.0
29,8,10,0,10.38,0,0,0,10,0,0,2,73.0,10,17.0
29,9,6,11,11.11,17,0,0,0,0,0,2,83.0,17,11.0
29,10,10,1,11.1,0,0,0,0,11,0,2,100.0,11,7.0
29,11,6,1,10.73,7,0,0,0,0,0,2,111.0,7,10.0
29,12,4,6,10.67,0,0,10,0,0,0,2,118.0,10,8.0
29,13,7,1,10.46,0,8,0,0,0,1,3,128.0,8,12.0
29,14,6,6,10.57,0,0,0,12,0,0,3,136.0,12,6.0
29,15,6,0,10.27,0,0,0,0,6,0,3,148.0,6,18.0
29,16,8,10,10.75,0,0,0,18,0,1,4,154.0,18,12.0
29,17,1,11,10.82,0,12,0,0,0,0,4,172.0,12,15.0
29,18,4,11,11.06,0,0,0,15,0,0,4,184.0,15,5.0
29,19,3,2,10.74,0,5,0,0,0,1,5,199.0,5,18.0
29,20,12,6,11.1,0,18,0,0,0,0,5,204.0,18,11.766766766766766
30,1,6,5,11.0,0,11,0,0,0,0,0,0.0,11,24.0
30,2,12,12,17.5,0,0,0,0,24,0,0,11.0,24,15.0
30,3,3,12,16.67,15,0,0,0,0,0,0,35.0,15,23.0
30,4,12,11,18.25,0,0,23,0,0,0,0,50.0,23,11.0
30,5,7,4,16.8,0,0,0,11,0,1,1,73.0,11,14.0
30,6,12,2,16.33,0,0,14,0,0,0,1,84.0,14,3.0
30,7,0,3,14.43,0,0,0,3,0,0,1,98.0,3,12.0
30,8,12,0,14.12,0,12,0,0,0,0,1,101.0,12,11.0
30,9,10,1,13.78,0,0,0,11,0,0,1,113.0,11,11.0
30,10,1,10,13.5,0,11,0,0,0,0,1,124.0,11,13.0
30,11,1,12,13.45,13,0,0,0,0,0,1,135.0,13,15.0
30,12,12,3,13.58,0,15,0,0,0,1,2,148.0,15,12.0
30,13,10,2,13.46,12,0,0,0,0,0,2,163.0,12,7.0
30,14,0,7,13.0,0,0,0,0,7,0,2,175.0,7,18.0
30,15,7,11,13.33,18,0,0,0,0,1,3,182.0,18,11.0
30,16,4,7,13.19,0,0,0,0,11,0,3,200.0,11,15.0
30,17,6,9,13.29,0,0,15,0,0,0,3,211.0,15,5.0
30,18,1,4,12.83,0,0,0,0,5,0,3,226.0,5,11.0
30,19,6,5,12.74,0,0,11,0,0,1,4,231.0,11,14.0
30,20,10,4,12.8,0,0,0,14,0,0,4,242.0,14,11.766766766766766
31,1,1,4,5.0,0,0,0,0,5,1,1,0.0,5,13.0
31,2,12,1,9.0,0,0,0,13,0,1,2,5.0,13,12.0
31,3,1,11,10.0,12,0,0,0,0,0,2,18.0,12,14.0
31,4,7,7,11.0,0,0,0,14,0,0,2,30.0,14,6.0
31,5,4,2,10.0,6,0,0,0,0,0,2,44.0,6,9.0
31,6,2,7,9.83,0,0,9,0,0,1,3,50.0,9,11.0
31,7,3,8,10.0,0,0,0,0,11,1,4,59.0,11,14.0
31,8,10,4,10.5,14,0,0,0,0,0,4,70.0,14,1.0
31,9,1,0,9.44,0,0,1,0,0,0,4,84.0,1,11.0
31,10,1,10,9.6,0,0,0,11,0,0,4,85.0,11,11.0
31,11,4,7,9.73,0,0,0,0,11,1,5,96.0,11,1.0
31,12,0,1,9.0,1,0,0,0,0,0,5,107.0,1,12.0
31,13,11,1,9.23,0,0,0,12,0,0,5,108.0,12,10.0
31,14,2,8,9.29,0,10,0,0,0,0,5,120.0,10,12.0
31,15,9,3,9.47,0,0,0,0,12,1,6,130.0,12,8.0
31,16,7,1,9.38,0,0,8,0,0,0,6,142.0,8,10.0
31,17,6,4,9.41,0,10,0,0,0,1,7,150.0,10,18.0
31,18,6,12,9.89,0,0,18,0,0,0,7,160.0,18,12.0
31,19,10,2,10.0,0,12,0,0,0,0,7,178.0,12,11.0
31,20,0,11,10.05,0,11,0,0,0,0,7,190.0,11,11.766766766766766
32,1,10,12,22.0,0,0,0,22,0,0,0,0.0,22,12.0
32,2,12,0,17.0,0,0,12,0,0,0,0,22.0,12,5.0
32,3,5,0,13.0,0,5,0,0,0,0,0,34.0,5,21.0
32,4,11,10,15.0,0,0,21,0,0,0,0,39.0,21,13.0
32,5,4,9,14.6,0,0,0,0,13,0,0,60.0,13,4.0
32,6,1,3,12.83,4,0,0,0,0,0,0,73.0,4,11.0
32,7,8,3,12.57,0,11,0,0,0,0,0,77.0,11,9.0
32,8,4,5,12.12,0,0,0,0,9,0,0,88.0,9,13.0
32,9,4,9,12.22,13,0,0,0,0,1,1,97.0,13,4.0
32,10,0,4,11.4,0,0,4,0,0,0,1,110.0,4,4.0
32,11,1,3,10.73,0,4,0,0,0,0,1,114.0,4,3.0
32,12,3,0,10.08,0,0,3,0,0,0,1,118.0,3,14.0
32,13,4,10,10.38,0,0,0,0,14,1,2,121.0,14,19.0
32,14,12,7,11.0,19,0,0,0,0,0,2,135.0,19,11.0
32,15,3,8,11.0,0,0,0,11,0,0,2,154.0,11,19.0
32,16,7,12,11.5,0,19,0,0,0,0,2,165.0,19,12.0
32,17,4,8,11.53,12,0,0,0,0,0,2,184.0,12,18.0
32,18,9,9,11.89,0,0,0,0,18,0,2,196.0,18,9.0
32,19,8,1,11.74,0,0,0,9,0,0,2,214.0,9,12.0
32,20,12,0,11.75,0,0,0,12,0,1,3,223.0,12,11.766766766766766
33,1,8,5,13.0,0,0,13,0,0,0,0,0.0,13,20.0
33,2,11,9,16.5,0,0,0,20,0,0,0,13.0,20,15.0
33,3,8,7,16.0,15,0,0,0,0,1,1,33.0,15,11.0
33,4,7,4,14.75,0,11,0,0,0,0,1,48.0,11,11.0
33,5,8,3,14.0,0,0,0,0,11,0,1,59.0,11,7.0
33,6,0,7,12.83,0,0,0,7,0,1,2,70.0,7,5.0
33,7,5,0,11.71,0,5,0,0,0,0,2,77.0,5,9.0
33,8,3,6,11.38,9,0,0,0,0,0,2,82.0,9,10.0
33,9,0,10,11.22,0,0,10,0,0,0,2,91.0,10,8.0
33,10,7,1,10.9,0,8,0,0,0,0,2,101.0,8,12.0
33,11,11,1,11.0,0,0,0,0,12,0,2,109.0,12,12.0
33,12,0,12,11.08,0,0,12,0,0,1,3,121.0,12,0.0
33,13,0,0,10.23,0,0,0,0,0,0,3,133.0,0,13.0
33,14,4,9,10.43,0,0,0,0,13,0,3,133.0,13,5.0
33,15,5,0,10.07,0,0,5,0,0,1,4,146.0,5,18.0
33,16,6,12,10.56,0,0,0,18,0,0,4,151.0,18,14.0
33,17,2,12,10.76,0,14,0,0,0,0,4,169.0,14,14.0
33,18,7,7,10.94,0,0,0,14,0,0,4,183.0,14,15.0
33,19,9,6,11.16,0,0,0,0,15,1,5,197.0,15,16.0
33,20,7,9,11.4,16,0,0,0,0,0,5,212.0,16,11.766766766766766
34,1,6,5,11.0,11,0,0,0,0,0,0,0.0,11,3.0
34,2,0,3,7.0,0,0,0,3,0,1,1,11.0,3,8.0
34,3,3,5,7.33,8,0,0,0,0,1,2,14.0,8,13.0
34,4,1,12,8.75,0,0,13,0,0,1,3,22.0,13,1.0
34,5,1,0,7.2,0,0,0,0,1,1,4,35.0,1,14.0
34,6,8,6,8.33,0,0,0,14,0,1,5,36.0,14,2.0
34,7,0,2,7.43,0,0,0,0,2,0,5,50.0,2,17.0
34,8,11,6,8.62,17,0,0,0,0,0,5,52.0,17,13.0
34,9,4,9,9.11,0,0,0,0,13,0,5,69.0,13,14.0
34,10,12,2,9.6,0,0,14,0,0,0,5,82.0,14,17.0
34,11,9,8,10.27,0,0,0,0,17,1,6,96.0,17,12.0
34,12,4,8,10.42,0,0,12,0,0,0,6,113.0,12,19.0
34,13,8,11,11.08,0,0,0,19,0,0,6,125.0,19,7.0
34,14,5,2,10.79,0,0,7,0,0,0,6,144.0,7,8.0
34,15,6,2,10.6,0,0,0,8,0,0,6,151.0,8,16.0
34,16,7,9,10.94,16,0,0,0,0,0,6,159.0,16,17.0
34,17,7,10,11.29,0,17,0,0,0,0,6,175.0,17,14.0
34,18,9,5,11.44,0,14,0,0,0,0,6,192.0,14,7.0
34,19,3,4,11.21,0,7,0,0,0,0,6,206.0,7,15.0
34,20,5,10,11.4,0,15,0,0,0,0,6,213.0,15,11.766766766766766
35,1,7,3,10.0,0,0,0,10,0,0,0,0.0,10,15.0
35,2,4,11,12.5,0,0,0,0,15,1,1,10.0,15,7.0
35,3,1,6,10.67,0,7,0,0,0,0,1,25.0,7,7.0
35,4,0,7,9.75,0,0,0,0,7,1,2,32.0,7,5.0
35,5,2,3,8.8,0,0,5,0,0,0,2,39.0,5,17.0
35,6,10,7,10.17,0,0,0,0,17,0,2,44.0,17,23.0
35,7,12,11,12.0,0,0,23,0,0,0,2,61.0,23,9.0
35,8,5,4,11.62,0,0,0,0,9,0,2,84.0,9,8.0
35,9,0,8,11.22,8,0,0,0,0,0,2,93.0,8,12.0
35,10,0,12,11.3,0,12,0,0,0,1,3,101.0,12,15.0
35,11,12,3,11.64,15,0,0,0,0,0,3,113.0,15,12.0
35,12,0,12,11.67,0,0,0,12,0,1,4,128.0,12,1.0
35,13,1,0,10.85,0,0,1,0,0,0,4,140.0,1,8.0
35,14,4,4,10.64,0,8,0,0,0,0,4,141.0,8,11.0
35,15,4,7,10.67,0,0,0,11,0,0,4,149.0,11,15.0
35,16,9,6,10.94,0,0,15,0,0,0,4,160.0,15,7.0
35,17,7,0,10.71,0,7,0,0,0,0,4,175.0,7,11.0
35,18,2,9,10.72,0,0,0,11,0,1,5,182.0,11,2.0
35,19,0,2,10.26,2,0,0,0,0,0,5,193.0,2,9.0
35,20,1,8,10.2,9,0,0,0,0,0,5,195.0,9,11.766766766766766
36,1,4,12,16.0,16,0,0,0,0,1,1,0.0,16,2.0
36,2,2,0,9.0,0,2,0,0,0,0,1,16.0,2,8.0
36,3,8,0,8.67,8,0,0,0,0,0,1,18.0,8,24.0
36,4,12,12,12.5,0,0,0,0,24,1,2,26.0,24,12.0
36,5,5,7,12.4,0,0,12,0,0,0,2,50.0,12,9.0
36,6,5,4,11.83,0,0,0,9,0,0,2,62.0,9,14.0
36,7,5,9,12.14,0,14,0,0,0,0,2,71.0,14,8.0
36,8,1,7,11.62,0,0,0,0,8,0,2,85.0,8,16.0
36,9,11,5,12.11,0,0,16,0,0,0,2,93.0,16,13.0
36,10,6,7,12.2,0,0,0,13,0,0,2,109.0,13,13.0
36,11,7,6,12.27,0,0,13,0,0,0,2,122.0,13,0.0
36,12,0,0,11.25,0,0,0,0,0,0,2,135.0,0,14.0
36,13,6,8,11.46,0,0,0,0,14,1,3,135.0,14,14.0
36,14,10,4,11.64,0,14,0,0,0,1,4,149.0,14,1.0
36,15,1,0,10.93,1,0,0,0,0,0,4,163.0,1,21.0
36,16,11,10,11.56,0,0,0,21,0,0,4,164.0,21,5.0
36,17,4,1,11.18,5,0,0,0,0,1,5,185.0,5,17.0
36,18,5,12,11.5,0,0,17,0,0,0,5,190.0,17,9.0
36,19,5,4,11.37,0,9,0,0,0,0,5,207.0,9,13.0
36,20,11,2,11.45,0,0,0,0,13,0,5,216.0,13,11.766766766766766
37,1,10,2,12.0,0,0,0,12,0,1,1,0.0,12,14.0
37,2,10,4,13.0,14,0,0,0,0,0,1,12.0,14,11.0
37,3,5,6,12.33,0,0,11,0,0,0,1,26.0,11,12.0
37,4,9,3,12.25,0,0,0,0,12,1,2,37.0,12,21.0
37,5,11,10,14.0,21,0,0,0,0,0,2,49.0,21,4.0
37,6,1,3,12.33,0,0,0,0,4,0,2,70.0,4,16.0
37,7,11,5,12.86,0,16,0,0,0,1,3,74.0,16,19.0
37,8,7,12,13.62,19,0,0,0,0,0,3,90.0,19,12.0
37,9,5,7,13.44,0,0,0,0,12,0,3,109.0,12,3.0
37,10,1,2,12.4,0,3,0,0,0,0,3,121.0,3,11.0
37,11,9,2,12.27,0,0,0,0,11,0,3,124.0,11,4.0
37,12,2,2,11.58,0,0,4,0,0,1,4,135.0,4,18.0
37,13,8,10,12.08,0,0,0,18,0,1,5,139.0,18,21.0
37,14,11,10,12.71,0,21,0,0,0,0,5,157.0,21,2.0
37,15,0,2,12.0,2,0,0,0,0,0,5,178.0,2,6.0
37,16,0,6,11.62,0,0,6,0,0,0,5,180.0,6,16.0
37,17,8,8,11.88,0,16,0,0,0,1,6,186.0,16,13.0
37,18,7,6,11.94,0,0,13,0,0,0,6,202.0,13,15.0
37,19,10,5,12.11,0,0,0,15,0,0,6,215.0,15,7.0
37,20,0,7,11.85,0,0,0,7,0,0,6,230.0,7,11.766766766766766
38,1,7,10,17.0,0,0,17,0,0,1,1,0.0,17,13.0
38,2,5,8,15.0,0,13,0,0,0,0,1,17.0,13,11.0
38,3,2,9,13.67,11,0,0,0,0,0,1,30.0,11,6.0
38,4,4,2,11.75,0,0,0,0,6,0,1,41.0,6,4.0
38,5,3,1,10.2,0,4,0,0,0,1,2,47.0,4,16.0
38,6,4,12,11.17,0,0,0,16,0,0,2,51.0,16,9.0
38,7,8,1,10.86,0,0,9,0,0,0,2,67.0,9,11.0
38,8,7,4,10.88,0,0,0,0,11,0,2,76.0,11,13.0
38,9,5,8,11.11,0,13,0,0,0,0,2,87.0,13,17.0
38,10,11,6,11.7,0,0,0,17,0,1,3,100.0,17,12.0
38,11,0,12,11.73,0,0,12,0,0,0,3,117.0,12,13.0
38,12,5,8,11.83,0,0,0,13,0,0,3,129.0,13,22.0
38,13,12,10,12.62,0,0,0,0,22,1,4,142.0,22,19.0
38,14,7,12,13.07,0,19,0,0,0,0,4,164.0,19,3.0
38,15,3,0,12.4,0,0,0,3,0,0,4,183.0,3,14.0
38,16,4,10,12.5,14,0,0,0,0,1,5,186.0,14,12.0
38,17,6,6,12.47,0,0,12,0,0,0,5,200.0,12,17.0
38,18,10,7,12.72,0,0,0,0,17,0,5,212.0,17,12.0
38,19,9,3,12.68,12,0,0,0,0,0,5,229.0,12,10.0
38,20,5,5,12.55,10,0,0,0,0,1,6,241.0,10,11.766766766766766
39,1,12,9,21.0,0,0,0,0,21,0,0,0.0,21,9.0
39,2,6,3,15.0,0,0,9,0,0,0,0,21.0,9,12.0
39,3,0,12,14.0,12,0,0,0,0,0,0,30.0,12,13.0
39,4,1,12,13.75,0,13,0,0,0,0,0,42.0,13,15.0
39,5,9,6,14.0,0,0,0,0,15,0,0,55.0,15,16.0
39,6,10,6,14.33,16,0,0,0,0,0,0,70.0,16,13.0
39,7,3,10,14.14,0,13,0,0,0,0,0,86.0,13,2.0
39,8,2,0,12.62,0,0,0,2,0,0,0,99.0,2,15.0
39,9,10,5,12.89,0,0,15,0,0,0,0,101.0,15,13.0
39,10,6,7,12.9,0,13,0,0,0,0,0,116.0,13,0.0
39,11,0,0,11.73,0,0,0,0,0,0,0,129.0,0,5.0
39,12,4,1,11.17,0,0,5,0,0,0,0,129.0,5,12.0
39,13,9,3,11.23,0,12,0,0,0,0,0,134.0,12,14.0
39,14,7,7,11.43,0,0,0,0,14,0,0,146.0,14,10.0
39,15,4,6,11.33,0,0,0,10,0,1,1,160.0,10,12.0
39,16,6,6,11.38,12,0,0,0,0,0,1,170.0,12,9.0
39,17,5,4,11.24,0,0,9,0,0,1,2,182.0,9,5.0
39,18,2,3,10.89,5,0,0,0,0,0,2,191.0,5,3.0
39,19,1,2,10.47,0,0,0,3,0,0,2,196.0,3,11.0
39,20,9,2,10.5,0,0,0,11,0,0,2,199.0,11,11.766766766766766
40,1,8,6,14.0,14,0,0,0,0,0,0,0.0,14,4.0
40,2,2,2,9.0,0,4,0,0,0,0,0,14.0,4,22.0
40,3,12,10,13.33,22,0,0,0,0,1,1,18.0,22,15.0
40,4,7,8,13.75,0,0,0,15,0,0,1,40.0,15,16.0
40,5,11,5,14.2,0,0,16,0,0,1,2,55.0,16,7.0
40,6,2,5,13.0,0,7,0,0,0,1,3,71.0,7,18.0
40,7,7,11,13.71,0,0,18,0,0,0,3,78.0,18,13.0
40,8,12,1,13.62,0,0,0,13,0,1,4,96.0,13,10.0
40,9,0,10,13.22,10,0,0,0,0,0,4,109.0,10,12.0
40,10,5,7,13.1,0,0,0,0,12,0,4,119.0,12,5.0
40,11,4,1,12.36,5,0,0,0,0,0,4,131.0,5,17.0
40,12,7,10,12.75,0,17,0,0,0,0,4,136.0,17,17.0
40,13,11,6,13.08,0,0,0,17,0,0,4,153.0,17,16.0
40,14,4,12,13.29,0,0,0,0,16,1,5,170.0,16,19.0
40,15,9,10,13.67,0,0,0,19,0,0,5,186.0,19,9.0
40,16,8,1,13.38,0,0,0,0,9,0,5,205.0,9,20.0
40,17,11,9,13.76,0,0,20,0,0,0,5,214.0,20,0.0
40,18,0,0,13.0,0,0,0,0,0,0,5,234.0,0,7.0
40,19,3,4,12.68,0,0,0,0,7,0,5,234.0,7,9.0
40,20,2,7,12.5,0,0,9,0,0,0,5,241.0,9,11.766766766766766
41,1,2,6,8.0,8,0,0,0,0,0,0,0.0,8,14.0
41,2,9,5,11.0,0,14,0,0,0,0,0,8.0,14,4.0
41,3,1,3,8.67,4,0,0,0,0,0,0,22.0,4,14.0
41,4,3,11,10.0,0,14,0,0,0,1,1,26.0,14,16.0
41,5,7,9,11.2,0,0,16,0,0,1,2,40.0,16,21.0
41,6,11,10,12.83,21,0,0,0,0,0,2,56.0,21,18.0
41,7,10,8,13.57,0,0,18,0,0,0,2,77.0,18,5.0
41,8,1,4,12.5,0,0,0,0,5,0,2,95.0,5,20.0
41,9,11,9,13.33,20,0,0,0,0,1,3,100.0,20,12.0
41,10,1,11,13.2,0,0,0,0,12,0,3,120.0,12,5.0
41,11,0,5,12.45,0,0,5,0,0,0,3,132.0,5,11.0
41,12,3,8,12.33,0,11,0,0,0,1,4,137.0,11,14.0
41,13,6,8,12.46,0,0,14,0,0,1,5,148.0,14,10.0
41,14,6,4,12.29,0,0,0,0,10,0,5,162.0,10,15.0
41,15,10,5,12.47,0,0,0,15,0,1,6,172.0,15,12.0
41,16,2,10,12.44,0,0,0,0,12,0,6,187.0,12,23.0
41,17,11,12,13.06,0,23,0,0,0,0,6,199.0,23,2.0
41,18,0,2,12.44,0,0,0,2,0,1,7,222.0,2,15.0
41,19,6,9,12.58,0,0,0,15,0,0,7,224.0,15,13.0
41,20,8,5,12.6,0,0,0,13,0,0,7,239.0,13,11.766766766766766
42,1,8,8,16.0,16,0,0,0,0,0,0,0.0,16,16.0
42,2,8,8,16.0,0,0,16,0,0,1,1,16.0,16,12.0
42,3,7,5,14.67,0,0,0,12,0,0,1,32.0,12,20.0
42,4,9,11,16.0,20,0,0,0,0,1,2,44.0,20,8.0
42,5,0,8,14.4,0,0,0,8,0,0,2,64.0,8,8.0
42,6,6,2,13.33,8,0,0,0,0,0,2,72.0,8,15.0
42,7,12,3,13.57,0,0,15,0,0,1,3,80.0,15,7.0
42,8,5,2,12.75,0,7,0,0,0,0,3,95.0,7,13.0
42,9,7,6,12.78,0,0,0,0,13,0,3,102.0,13,11.0
42,10,1,10,12.6,0,0,0,11,0,0,3,115.0,11,5.0
42,11,4,1,11.91,5,0,0,0,0,1,4,126.0,5,13.0
42,12,7,6,12.0,0,13,0,0,0,0,4,131.0,13,21.0
42,13,10,11,12.69,0,0,21,0,0,0,4,144.0,21,13.0
42,14,6,7,12.71,0,0,0,0,13,0,4,165.0,13,20.0
42,15,10,10,13.2,0,0,0,20,0,0,4,178.0,20,14.0
42,16,2,12,13.25,0,0,0,0,14,0,4,198.0,14,14.0
42,17,2,12,13.29,0,14,0,0,0,1,5,212.0,14,15.0
42,18,5,10,13.39,0,0,15,0,0,1,6,226.0,15,15.0
42,19,9,6,13.47,0,0,0,0,15,0,6,241.0,15,17.0
42,20,12,5,13.65,0,17,0,0,0,1,7,256.0,17,11.766766766766766
43,1,11,6,17.0,0,0,0,17,0,1,1,0.0,17,11.0
43,2,10,1,14.0,0,0,0,0,11,0,1,17.0,11,9.0
43,3,7,2,12.33,9,0,0,0,0,0,1,28.0,9,15.0
43,4,9,6,13.0,0,15,0,0,0,0,1,37.0,15,8.0
43,5,1,7,12.0,0,0,8,0,0,0,1,52.0,8,5.0
43,6,0,5,10.83,0,0,0,5,0,1,2,60.0,5,9.0
43,7,6,3,10.57,0,9,0,0,0,1,3,65.0,9,13.0
43,8,3,10,10.88,0,0,13,0,0,0,3,74.0,13,13.0
43,9,7,6,11.11,0,0,0,0,13,0,3,87.0,13,4.0
43,10,3,1,10.4,0,0,0,4,0,0,3,100.0,4,14.0
43,11,4,10,10.73,0,14,0,0,0,1,4,104.0,14,12.0
43,12,8,4,10.83,12,0,0,0,0,0,4,118.0,12,12.0
43,13,5,7,10.92,0,0,0,12,0,1,5,130.0,12,9.0
43,14,2,7,10.79,0,0,9,0,0,1,6,142.0,9,11.0
43,15,2,9,10.8,11,0,0,0,0,0,6,151.0,11,10.0
43,16,7,3,10.75,0,0,0,0,10,0,6,162.0,10,16.0
43,17,12,4,11.06,16,0,0,0,0,1,7,172.0,16,16.0
43,18,7,9,11.33,0,16,0,0,0,0,7,188.0,16,8.0
43,19,5,3,11.16,0,0,8,0,0,0,7,204.0,8,7.0
43,20,2,5,10.95,0,0,0,0,7,0,7,212.0,7,11.766766766766766
44,1,7,3,10.0,0,0,0,10,0,0,0,0.0,10,9.0
44,2,1,8,9.5,9,0,0,0,0,0,0,10.0,9,12.0
44,3,2,10,10.33,0,0,0,12,0,0,0,19.0,12,16.0
44,4,10,6,11.75,0,0,0,0,16,0,0,31.0,16,12.0
44,5,1,11,11.8,0,0,12,0,0,0,0,47.0,12,9.0
44,6,3,6,11.33,9,0,0,0,0,0,0,59.0,9,20.0
44,7,9,11,12.57,0,20,0,0,0,1,1,68.0,20,18.0
44,8,11,7,13.25,0,0,18,0,0,1,2,88.0,18,5.0
44,9,0,5,12.33,5,0,0,0,0,1,3,106.0,5,8.0
44,10,6,2,11.9,0,0,0,8,0,0,3,111.0,8,19.0
44,11,7,12,12.55,19,0,0,0,0,0,3,119.0,19,12.0
44,12,5,7,12.5,0,0,0,12,0,0,3,138.0,12,5.0
44,13,3,2,11.92,0,0,5,0,0,0,3,150.0,5,9.0
44,14,9,0,11.71,0,0,0,0,9,0,3,155.0,9,11.0
44,15,11,0,11.67,0,0,11,0,0,1,4,164.0,11,12.0
44,16,9,3,11.69,0,12,0,0,0,0,4,175.0,12,8.0
44,17,1,7,11.47,0,0,0,0,8,0,4,187.0,8,13.0
44,18,7,6,11.56,0,13,0,0,0,0,4,195.0,13,16.0
44,19,8,8,11.79,0,0,0,0,16,1,5,208.0,16,11.0
44,20,11,0,11.75,0,11,0,0,0,0,5,224.0,11,11.766766766766766
45,1,8,6,14.0,0,0,0,14,0,0,0,0.0,14,14.0
45,2,7,7,14.0,0,14,0,0,0,1,1,14.0,14,15.0
45,3,3,12,14.33,0,0,0,0,15,0,1,28.0,15,11.0
45,4,4,7,13.5,11,0,0,0,0,1,2,43.0,11,7.0
45,5,7,0,12.2,0,7,0,0,0,0,2,54.0,7,6.0
45,6,6,0,11.17,0,0,0,6,0,0,2,61.0,6,7.0
45,7,7,0,10.57,0,0,0,0,7,0,2,67.0,7,14.0
45,8,9,5,11.0,0,14,0,0,0,0,2,74.0,14,8.0
45,9,7,1,10.67,8,0,0,0,0,0,2,88.0,8,9.0
45,10,7,2,10.5,0,0,0,0,9,0,2,96.0,9,16.0
45,11,8,8,11.0,0,16,0,0,0,0,2,105.0,16,19.0
45,12,11,8,11.67,19,0,0,0,0,1,3,121.0,19,6.0
45,13,1,5,11.23,0,0,6,0,0,0,3,140.0,6,18.0
45,14,12,6,11.71,0,0,0,18,0,0,3,146.0,18,12.0
45,15,5,7,11.73,0,0,12,0,0,0,3,164.0,12,11.0
45,16,2,9,11.69,11,0,0,0,0,0,3,176.0,11,6.0
45,17,0,6,11.35,0,0,0,0,6,1,4,187.0,6,9.0
45,18,5,4,11.22,0,0,9,0,0,1,5,193.0,9,23.0
45,19,12,11,11.84,0,0,0,23,0,0,5,202.0,23,8.0
45,20,0,8,11.65,0,0,8,0,0,0,5,225.0,8,11.766766766766766
46,1,1,9,10.0,10,0,0,0,0,0,0,0.0,10,7.0
46,2,3,4,8.5,0,0,0,0,7,0,0,10.0,7,3.0
46,3,0,3,6.67,0,3,0,0,0,0,0,17.0,3,16.0
46,4,5,11,9.0,0,0,0,0,16,0,0,20.0,16,13.0
46,5,4,9,9.8,0,0,13,0,0,0,0,36.0,13,9.0
46,6,4,5,9.67,0,0,0,9,0,0,0,49.0,9,13.0
46,7,4,9,10.14,0,0,0,0,13,0,0,58.0,13,15.0
46,8,3,12,10.75,0,0,0,15,0,0,0,71.0,15,7.0
46,9,0,7,10.33,0,7,0,0,0,1,1,86.0,7,3.0
46,10,2,1,9.6,3,0,0,0,0,1,2,93.0,3,17.0
46,11,7,10,10.27,0,0,0,0,17,0,2,96.0,17,3.0
46,12,3,0,9.67,0,0,0,3,0,0,2,113.0,3,8.0
46,13,2,6,9.54,0,0,8,0,0,1,3,116.0,8,9.0
46,14,3,6,9.5,0,0,0,9,0,1,4,124.0,9,11.0
46,15,9,2,9.6,11,0,0,0,0,0,4,133.0,11,2.0
46,16,1,1,9.12,0,2,0,0,0,1,5,144.0,2,13.0
46,17,1,12,9.35,0,0,13,0,0,0,5,146.0,13,9.0
46,18,3,6,9.33,0,9,0,0,0,0,5,159.0,9,23.0
46,19,11,12,10.05,0,0,23,0,0,0,5,168.0,23,10.0
46,20,5,5,10.05,10,0,0,0,0,1,6,191.0,10,11.766766766766766
47,1,6,3,9.0,0,0,9,0,0,0,0,0.0,9,11.0
47,2,6,5,10.0,0,0,0,0,11,0,0,9.0,11,12.0
47,3,6,6,10.67,12,0,0,0,0,1,1,20.0,12,11.0
47,4,6,5,10.75,0,0,11,0,0,1,2,32.0,11,7.0
47,5,2,5,10.0,0,7,0,0,0,0,2,43.0,7,11.0
47,6,6,5,10.17,0,0,11,0,0,0,2,50.0,11,14.0
47,7,11,3,10.71,0,0,0,14,0,0,2,61.0,14,3.0
47,8,2,1,9.75,0,0,0,0,3,0,2,75.0,3,12.0
47,9,2,10,10.0,0,0,12,0,0,0,2,78.0,12,15.0
47,10,11,4,10.5,0,0,0,0,15,0,2,90.0,15,5.0
47,11,3,2,10.0,0,0,0,5,0,1,3,105.0,5,11.0
47,12,10,1,10.08,0,11,0,0,0,0,3,110.0,11,10.0
47,13,5,5,10.08,0,0,0,10,0,0,3,121.0,10,11.0
47,14,6,5,10.14,0,11,0,0,0,0,3,131.0,11,11.0
47,15,0,11,10.2,0,0,0,11,0,0,3,142.0,11,6.0
47,16,4,2,9.94,0,6,0,0,0,0,3,153.0,6,12.0
47,17,5,7,10.06,0,0,0,0,12,0,3,159.0,12,8.0
47,18,8,0,9.94,8,0,0,0,0,0,3,171.0,8,14.0
47,19,7,7,10.16,14,0,0,0,0,0,3,179.0,14,18.0
47,20,11,7,10.55,18,0,0,0,0,0,3,193.0,18,11.766766766766766
48,1,4,4,8.0,0,8,0,0,0,0,0,0.0,8,23.0
48,2,12,11,15.5,0,0,23,0,0,0,0,8.0,23,12.0
48,3,2,10,14.33,0,0,0,0,12,0,0,31.0,12,21.0
48,4,9,12,16.0,0,0,21,0,0,0,0,43.0,21,11.0
48,5,0,11,15.0,0,0,0,0,11,0,0,64.0,11,15.0
48,6,10,5,15.0,0,15,0,0,0,0,0,75.0,15,2.0
48,7,0,2,13.14,0,0,2,0,0,0,0,90.0,2,19.0
48,8,8,11,13.88,0,0,0,19,0,0,0,92.0,19,17.0
48,9,12,5,14.22,17,0,0,0,0,0,0,111.0,17,22.0
48,10,10,12,15.0,0,0,22,0,0,0,0,128.0,22,14.0
48,11,12,2,14.91,0,0,0,0,14,0,0,150.0,14,20.0
48,12,10,10,15.33,0,0,0,20,0,1,1,164.0,20,20.0
48,13,8,12,15.69,0,20,0,0,0,0,1,184.0,20,15.0
48,14,3,12,15.64,0,0,0,15,0,0,1,204.0,15,13.0
48,15,4,9,15.47,0,13,0,0,0,0,1,219.0,13,13.0
48,16,11,2,15.31,13,0,0,0,0,1,2,232.0,13,9.0
48,17,7,2,14.94,0,0,0,0,9,1,3,245.0,9,10.0
48,18,1,9,14.67,10,0,0,0,0,0,3,254.0,10,20.0
48,19,11,9,14.95,0,0,0,20,0,0,3,264.0,20,8.0
48,20,2,6,14.6,8,0,0,0,0,0,3,284.0,8,11.766766766766766
49,1,6,12,18.0,18,0,0,0,0,0,0,0.0,18,19.0
49,2,8,11,18.5,0,0,19,0,0,0,0,18.0,19,13.0
49,3,6,7,16.67,0,0,0,13,0,0,0,37.0,13,14.0
49,4,4,10,16.0,0,0,14,0,0,0,0,50.0,14,8.0
49,5,1,7,14.4,0,8,0,0,0,0,0,64.0,8,1.0
49,6,1,0,12.17,0,0,0,0,1,0,0,72.0,1,15.0
49,7,10,5,12.57,15,0,0,0,0,0,0,73.0,15,23.0
49,8,12,11,13.88,0,23,0,0,0,0,0,88.0,23,11.0
49,9,5,6,13.56,0,0,11,0,0,0,0,111.0,11,14.0
49,10,8,6,13.6,0,0,0,0,14,1,1,122.0,14,4.0
49,11,3,1,12.73,4,0,0,0,0,0,1,136.0,4,11.0
49,12,2,9,12.58,0,0,11,0,0,0,1,140.0,11,8.0
49,13,6,2,12.23,0,8,0,0,0,0,1,151.0,8,5.0
49,14,4,1,11.71,0,0,0,0,5,1,2,159.0,5,8.0
49,15,0,8,11.47,0,0,0,8,0,0,2,164.0,8,19.0
49,16,7,12,11.94,0,0,0,0,19,0,2,172.0,19,12.0
49,17,12,0,11.94,12,0,0,0,0,0,2,191.0,12,6.0
49,18,6,0,11.61,0,0,0,6,0,1,3,203.0,6,13.0
49,19,2,11,11.68,0,13,0,0,0,0,3,209.0,13,20.0
49,20,9,11,12.1,0,0,0,20,0,0,3,222.0,20,11.766766766766766
50,1,2,10,12.0,0,0,0,0,12,0,0,0.0,12,11.0
50,2,11,0,11.5,11,0,0,0,0,0,0,12.0,11,15.0
50,3,10,5,12.67,0,0,15,0,0,0,0,23.0,15,4.0
50,4,3,1,10.5,0,0,0,4,0,0,0,38.0,4,7.0
50,5,4,3,9.8,0,0,0,0,7,0,0,42.0,7,21.0
50,6,12,9,11.67,21,0,0,0,0,1,1,49.0,21,15.0
50,7,5,10,12.14,0,0,0,15,0,1,2,70.0,15,7.0
50,8,3,4,11.5,0,0,0,0,7,0,2,85.0,7,10.0
50,9,9,1,11.33,0,10,0,0,0,0,2,92.0,10,6.0
50,10,6,0,10.8,0,0,0,0,6,1,3,102.0,6,17.0
50,11,5,12,11.36,0,0,0,17,0,0,3,108.0,17,11.0
50,12,10,1,11.33,0,11,0,0,0,1,4,125.0,11,10.0
50,13,2,8,11.23,0,0,0,10,0,0,4,136.0,10,14.0
50,14,4,10,11.43,14,0,0,0,0,0,4,146.0,14,20.0
50,15,10,10,12.0,0,20,0,0,0,0,4,160.0,20,10.0
50,16,9,1,11.88,0,0,10,0,0,0,4,180.0,10,9.0
50,17,3,6,11.71,9,0,0,0,0,1,5,190.0,9,14.0
50,18,4,10,11.83,0,0,14,0,0,0,5,199.0,14,6.0
50,19,1,5,11.53,0,6,0,0,0,0,5,213.0,6,6.0
50,20,6,0,11.25,0,0,6,0,0,0,5,219.0,6,11.766766766766766
51,1,10,10,20.0,0,0,0,0,20,1,1,0.0,20,8.0
51,2,8,0,14.0,8,0,0,0,0,0,1,20.0,8,7.0
51,3,3,4,11.67,0,0,0,0,7,0,1,28.0,7,16.0
51,4,6,10,12.75,16,0,0,0,0,1,2,35.0,16,11.0
51,5,2,9,12.4,0,11,0,0,0,0,2,51.0,11,12.0
51,6,7,5,12.33,12,0,0,0,0,0,2,62.0,12,3.0
51,7,0,3,11.0,0,0,0,3,0,0,2,74.0,3,14.0
51,8,5,9,11.38,0,0,0,0,14,0,2,77.0,14,11.0
51,9,0,11,11.33,11,0,0,0,0,1,3,91.0,11,14.0
51,10,9,5,11.6,0,0,0,14,0,0,3,102.0,14,18.0
51,11,9,9,12.18,0,0,0,0,18,0,3,116.0,18,14.0
51,12,9,5,12.33,0,14,0,0,0,0,3,134.0,14,7.0
51,13,5,2,11.92,0,0,7,0,0,0,3,148.0,7,13.0
51,14,1,12,12.0,0,13,0,0,0,0,3,155.0,13,8.0
51,15,1,7,11.73,0,0,0,8,0,1,4,168.0,8,11.0
51,16,0,11,11.69,0,11,0,0,0,0,4,176.0,11,20.0
51,17,9,11,12.18,0,0,0,20,0,0,4,187.0,20,12.0
51,18,11,1,12.17,0,0,12,0,0,0,4,207.0,12,1.0
51,19,0,1,11.58,0,0,1,0,0,1,5,219.0,1,10.0
51,20,7,3,11.5,0,0,10,0,0,0,5,220.0,10,11.766766766766766
52,1,0,5,5.0,5,0,0,0,0,0,0,0.0,5,1.0
52,2,1,0,3.0,0,0,1,0,0,0,0,5.0,1,3.0
52,3,1,2,3.0,0,0,0,3,0,0,0,6.0,3,16.0
52,4,5,11,6.25,16,0,0,0,0,0,0,9.0,16,18.0
52,5,12,6,8.6,0,0,18,0,0,0,0,25.0,18,15.0
52,6,11,4,9.67,0,15,0,0,0,0,0,43.0,15,3.0
52,7,0,3,8.71,0,0,0,0,3,0,0,58.0,3,14.0
52,8,10,4,9.38,14,0,0,0,0,1,1,61.0,14,20.0
52,9,9,11,10.56,0,0,20,0,0,1,2,75.0,20,16.0
52,10,9,7,11.1,0,0,0,16,0,1,3,95.0,16,12.0
52,11,5,7,11.18,0,0,12,0,0,0,3,111.0,12,12.0
52,12,0,12,11.25,0,0,0,12,0,0,3,123.0,12,17.0
52,13,9,8,11.69,0,17,0,0,0,0,3,135.0,17,10.0
52,14,8,2,11.57,0,0,0,10,0,0,3,152.0,10,9.0
52,15,7,2,11.4,0,0,0,0,9,0,3,162.0,9,14.0
52,16,4,10,11.56,0,14,0,0,0,0,3,171.0,14,4.0
52,17,4,0,11.12,4,0,0,0,0,0,3,185.0,4,8.0
52,18,5,3,10.94,0,8,0,0,0,1,4,189.0,8,20.0
52,19,11,9,11.42,0,0,0,0,20,1,5,197.0,20,5.0
52,20,3,2,11.1,0,0,0,0,5,1,6,217.0,5,11.766766766766766
53,1,1,2,3.0,0,0,0,3,0,1,1,0.0,3,12.0
53,2,4,8,7.5,0,12,0,0,0,0,1,3.0,12,21.0
53,3,12,9,12.0,0,0,0,21,0,1,2,15.0,21,19.0
53,4,9,10,13.75,0,0,19,0,0,1,3,36.0,19,12.0
53,5,11,1,13.4,0,12,0,0,0,0,3,55.0,12,17.0
53,6,5,12,14.0,0,0,17,0,0,1,4,67.0,17,3.0
53,7,2,1,12.43,0,0,0,3,0,1,5,84.0,3,9.0
53,8,5,4,12.0,0,9,0,0,0,0,5,87.0,9,8.0
53,9,7,1,11.56,0,0,0,0,8,0,5,96.0,8,9.0
53,10,1,8,11.3,0,9,0,0,0,0,5,104.0,9,12.0
53,11,0,12,11.36,12,0,0,0,0,1,6,113.0,12,7.0
53,12,7,0,11.0,0,0,7,0,0,0,6,125.0,7,17.0
53,13,11,6,11.46,0,0,0,0,17,0,6,132.0,17,18.0
53,14,8,10,11.93,0,0,0,18,0,1,7,149.0,18,13.0
53,15,7,6,12.0,13,0,0,0,0,1,8,167.0,13,12.0
53,16,4,8,12.0,0,0,0,0,12,1,9,180.0,12,9.0
53,17,6,3,11.82,0,0,9,0,0,0,9,192.0,9,6.0
53,18,0,6,11.5,6,0,0,0,0,0,9,201.0,6,19.0
53,19,11,8,11.89,0,0,0,0,19,1,10,207.0,19,11.766766766766766
54,1,9,9,18.0,18,0,0,0,0,0,0,0.0,18,15.0
54,2,9,6,16.5,0,0,0,15,0,0,0,18.0,15,20.0
54,3,8,12,17.67,20,0,0,0,0,1,1,33.0,20,15.0
54,4,4,11,17.0,0,0,0,0,15,1,2,53.0,15,14.0
54,5,3,11,16.4,0,14,0,0,0,0,2,68.0,14,3.0
54,6,3,0,14.17,0,0,0,0,3,1,3,82.0,3,16.0
54,7,12,4,14.43,16,0,0,0,0,0,3,85.0,16,6.0
54,8,1,5,13.38,0,0,0,6,0,0,3,101.0,6,15.0
54,9,9,6,13.56,0,0,15,0,0,0,3,107.0,15,9.0
54,10,6,3,13.1,0,0,0,0,9,1,4,122.0,9,11.0
54,11,10,1,12.91,0,0,11,0,0,0,4,131.0,11,2.0
54,12,2,0,12.0,0,0,0,0,2,0,4,142.0,2,14.0
54,13,9,5,12.15,0,0,0,14,0,0,4,144.0,14,2.0
54,14,2,0,11.43,0,0,2,0,0,1,5,158.0,2,7.0
54,15,5,2,11.13,0,0,0,7,0,0,5,160.0,7,14.0
54,16,7,7,11.31,0,14,0,0,0,0,5,167.0,14,13.0
54,17,10,3,11.41,13,0,0,0,0,0,5,181.0,13,5.0
54,18,3,2,11.06,0,5,0,0,0,1,6,194.0,5,18.0
54,19,7,11,11.42,0,0,18,0,0,1,7,199.0,18,9.0
54,20,2,7,11.3,0,9,0,0,0,0,7,217.0,9,11.766766766766766
55,1,3,1,4.0,0,0,0,0,4,0,0,0.0,4,7.0
55,2,3,4,5.5,0,0,7,0,0,0,0,4.0,7,10.0
55,3,2,8,7.0,0,0,0,0,10,0,0,11.0,10,13.0
55,4,1,12,8.5,0,0,13,0,0,1,1,21.0,13,13.0
55,5,12,1,9.4,0,13,0,0,0,1,2,34.0,13,17.0
55,6,8,9,10.67,0,0,17,0,0,0,2,47.0,17,18.0
55,7,10,8,11.71,0,18,0,0,0,0,2,64.0,18,7.0
55,8,5,2,11.12,0,0,0,7,0,1,3,82.0,7,1.0
55,9,1,0,10.0,0,0,1,0,0,0,3,89.0,1,13.0
55,10,8,5,10.3,0,13,0,0,0,0,3,90.0,13,10.0
55,11,7,3,10.27,0,0,0,0,10,0,3,103.0,10,7.0
55,12,6,1,10.0,0,0,0,7,0,0,3,113.0,7,17.0
55,13,5,12,10.54,17,0,0,0,0,1,4,120.0,17,13.0
55,14,6,7,10.71,0,0,0,0,13,0,4,137.0,13,3.0
55,15,0,3,10.2,3,0,0,0,0,1,5,150.0,3,18.0
55,16,6,12,10.69,0,0,0,18,0,0,5,153.0,18,13.0
55,17,7,6,10.82,0,13,0,0,0,0,5,171.0,13,3.0
55,18,3,0,10.39,0,0,0,3,0,0,5,184.0,3,9.0
55,19,6,3,10.32,9,0,0,0,0,0,5,187.0,9,0.0
55,20,0,0,9.8,0,0,0,0,0,0,5,196.0,0,11.766766766766766
56,1,4,5,9.0,0,0,9,0,0,0,0,0.0,9,11.0
56,2,6,5,10.0,11,0,0,0,0,0,0,9.0,11,13.0
56,3,3,10,11.0,0,0,13,0,0,0,0,20.0,13,21.0
56,4,10,11,13.5,0,0,0,0,21,0,0,33.0,21,8.0
56,5,4,4,12.4,0,8,0,0,0,0,0,54.0,8,9.0
56,6,0,9,11.83,9,0,0,0,0,1,1,62.0,9,3.0
56,7,3,0,10.57,0,0,0,3,0,0,1,71.0,3,15.0
56,8,7,8,11.12,15,0,0,0,0,0,1,74.0,15,11.0
56,9,6,5,11.11,0,0,0,11,0,0,1,89.0,11,21.0
56,10,12,9,12.1,0,21,0,0,0,0,1,100.0,21,9.0
56,11,0,9,11.82,0,0,0,0,9,0,1,121.0,9,11.0
56,12,4,7,11.75,0,0,11,0,0,0,1,130.0,11,14.0
56,13,3,11,11.92,14,0,0,0,0,0,1,141.0,14,10.0
56,14,3,7,11.79,0,0,10,0,0,1,2,155.0,10,11.0
56,15,11,0,11.73,0,11,0,0,0,0,2,165.0,11,7.0
56,16,3,4,11.44,0,0,0,0,7,1,3,176.0,7,14.0
56,17,5,9,11.59,0,14,0,0,0,1,4,183.0,14,10.0
56,18,1,9,11.5,0,0,0,10,0,0,4,197.0,10,10.0
56,19,0,10,11.42,0,0,0,0,10,0,4,207.0,10,10.0
56,20,1,9,11.35,0,0,0,10,0,0,4,217.0,10,11.766766766766766
57,1,12,7,19.0,0,19,0,0,0,1,1,0.0,19,12.0
57,2,8,4,15.5,0,0,0,12,0,1,2,19.0,12,10.0
57,3,1,9,13.67,0,0,0,0,10,0,2,31.0,10,21.0
57,4,9,12,15.5,0,0,21,0,0,1,3,41.0,21,10.0
57,5,9,1,14.4,0,10,0,0,0,0,3,62.0,10,3.0
57,6,1,2,12.5,0,0,3,0,0,0,3,72.0,3,3.0
57,7,3,0,11.14,3,0,0,0,0,0,3,75.0,3,13.0
57,8,1,12,11.38,0,0,13,0,0,0,3,78.0,13,13.0
57,9,10,3,11.56,0,0,0,0,13,0,3,91.0,13,7.0
57,10,1,6,11.1,0,0,0,7,0,0,3,104.0,7,10.0
57,11,1,9,11.0,0,0,10,0,0,1,4,111.0,10,8.0
57,12,4,4,10.75,0,8,0,0,0,0,4,121.0,8,10.0
57,13,3,7,10.69,10,0,0,0,0,0,4,129.0,10,7.0
57,14,3,4,10.43,0,7,0,0,0,0,4,139.0,7,9.0
57,15,0,9,10.33,0,0,0,0,9,0,4,146.0,9,2.0
57,16,0,2,9.81,0,0,0,2,0,1,5,155.0,2,2.0
57,17,2,0,9.35,0,0,0,0,2,1,6,157.0,2,18.0
57,18,7,11,9.83,0,0,0,18,0,0,6,159.0,18,20.0
57,19,10,10,10.37,20,0,0,0,0,1,7,177.0,20,13.0
57,20,5,8,10.5,13,0,0,0,0,0,7,197.0,13,11.766766766766766
58,1,4,6,10.0,0,10,0,0,0,0,0,0.0,10,12.0
58,2,1,11,11.0,0,0,0,12,0,0,0,10.0,12,13.0
58,3,10,3,11.67,0,13,0,0,0,0,0,22.0,13,11.0
58,4,2,9,11.5,11,0,0,0,0,0,0,35.0,11,6.0
58,5,3,3,10.4,0,6,0,0,0,0,0,46.0,6,10.0
58,6,4,6,10.33,10,0,0,0,0,0,0,52.0,10,9.0
58,7,1,8,10.14,0,0,0,9,0,1,1,62.0,9,6.0
58,8,0,6,9.62,0,6,0,0,0,0,1,71.0,6,9.0
58,9,3,6,9.56,0,0,9,0,0,0,1,77.0,9,3.0
58,10,3,0,8.9,0,0,0,3,0,0,1,86.0,3,11.0
58,11,4,7,9.09,0,0,0,0,11,0,1,89.0,11,6.0
58,12,0,6,8.83,0,0,6,0,0,0,1,100.0,6,16.0
58,13,9,7,9.38,0,0,0,16,0,0,1,106.0,16,21.0
58,14,12,9,10.21,0,0,0,0,21,1,2,122.0,21,14.0
58,15,9,5,10.47,0,0,14,0,0,0,2,143.0,14,2.0
58,16,0,2,9.94,0,0,0,0,2,0,2,157.0,2,20.0
58,17,8,12,10.53,0,0,20,0,0,0,2,159.0,20,5.0
58,18,4,1,10.22,0,0,0,0,5,1,3,179.0,5,9.0
58,19,8,1,10.16,9,0,0,0,0,0,3,184.0,9,8.0
58,20,3,5,10.05,8,0,0,0,0,1,4,193.0,8,11.766766766766766
59,1,5,10,15.0,0,0,0,15,0,0,0,0.0,15,14.0
59,2,3,11,14.5,0,0,14,0,0,0,0,15.0,14,20.0
59,3,11,9,16.33,20,0,0,0,0,1,1,29.0,20,16.0
59,4,8,8,16.25,0,0,0,0,16,0,1,49.0,16,4.0
59,5,2,2,13.8,4,0,0,0,0,0,1,65.0,4,4.0
59,6,4,0,12.17,0,0,4,0,0,1,2,69.0,4,10.0
59,7,0,10,11.86,0,0,0,10,0,0,2,73.0,10,9.0
59,8,9,0,11.5,9,0,0,0,0,0,2,83.0,9,21.0
59,9,9,12,12.56,0,0,21,0,0,0,2,92.0,21,11.0
59,10,0,11,12.4,0,0,0,0,11,0,2,113.0,11,18.0
59,11,9,9,12.91,0,18,0,0,0,0,2,124.0,18,10.0
59,12,10,0,12.67,10,0,0,0,0,0,2,142.0,10,5.0
59,13,5,0,12.08,0,0,0,5,0,1,3,152.0,5,12.0
59,14,11,1,12.07,0,0,12,0,0,0,3,157.0,12,13.0
59,15,11,2,12.13,0,0,0,13,0,0,3,169.0,13,10.0
59,16,6,4,12.0,0,10,0,0,0,0,3,182.0,10,3.0
59,17,1,2,11.47,0,0,0,0,3,0,3,192.0,3,16.0
59,18,9,7,11.72,0,16,0,0,0,0,3,195.0,16,5.0
59,19,2,3,11.37,0,0,0,0,5,1,4,211.0,5,11.0
59,20,1,10,11.35,0,11,0,0,0,0,4,216.0,11,11.766766766766766
60,1,12,10,22.0,0,0,22,0,0,1,1,0.0,22,7.0
60,2,2,5,14.5,0,7,0,0,0,1,2,22.0,7,11.0
60,3,3,8,13.33,0,0,0,11,0,0,2,29.0,11,14.0
60,4,3,11,13.5,14,0,0,0,0,1,3,40.0,14,5.0
60,5,2,3,11.8,0,0,0,5,0,0,3,54.0,5,12.0
60,6,6,6,11.83,12,0,0,0,0,0,3,59.0,12,20.0
60,7,9,11,13.0,0,0,0,20,0,0,3,71.0,20,17.0
60,8,11,6,13.5,0,0,0,0,17,0,3,91.0,17,12.0
60,9,4,8,13.33,0,0,12,0,0,1,4,108.0,12,14.0
60,10,8,6,13.4,0,0,0,14,0,0,4,120.0,14,8.0
60,11,1,7,12.91,0,0,0,0,8,1,5,134.0,8,7.0
60,12,1,6,12.42,0,0,7,0,0,0,5,142.0,7,0.0
60,13,0,0,11.46,0,0,0,0,0,1,6,149.0,0,13.0
60,14,11,2,11.57,0,13,0,0,0,1,7,149.0,13,19.0
60,15,10,9,12.07,0,0,0,0,19,0,7,162.0,19,20.0
60,16,12,8,12.56,0,20,0,0,0,0,7,181.0,20,9.0
60,17,6,3,12.35,9,0,0,0,0,0,7,201.0,9,2.0
60,18,0,2,11.78,0,0,2,0,0,0,7,210.0,2,14.0
60,19,8,6,11.89,14,0,0,0,0,1,8,212.0,14,10.0
60,20,10,0,11.8,0,10,0,0,0,0,8,226.0,10,11.766766766766766
61,1,2,12,14.0,0,0,0,0,14,0,0,0.0,14,15.0
61,2,11,4,14.5,0,15,0,0,0,0,0,14.0,15,18.0
61,3,7,11,15.67,0,0,0,18,0,0,0,29.0,18,16.0
61,4,4,12,15.75,0,16,0,0,0,0,0,47.0,16,5.0
61,5,0,5,13.6,0,0,0,0,5,1,1,63.0,5,13.0
61,6,11,2,13.5,13,0,0,0,0,0,1,68.0,13,11.0
61,7,0,11,13.14,0,11,0,0,0,0,1,81.0,11,22.0
61,8,12,10,14.25,0,0,0,0,22,0,1,92.0,22,14.0
61,9,5,9,14.22,14,0,0,0,0,0,1,114.0,14,11.0
61,10,7,4,13.9,0,0,11,0,0,0,1,128.0,11,17.0
61,11,11,6,14.18,0,17,0,0,0,0,1,139.0,17,18.0
61,12,11,7,14.5,0,0,18,0,0,1,2,156.0,18,16.0
61,13,5,11,14.62,0,0,0,0,16,0,2,174.0,16,13.0
61,14,10,3,14.5,0,0,13,0,0,0,2,190.0,13,18.0
61,15,12,6,14.73,0,0,0,18,0,0,2,203.0,18,14.0
61,16,6,8,14.69,14,0,0,0,0,0,2,221.0,14,5.0
61,17,1,4,14.12,0,0,5,0,0,0,2,235.0,5,13.0
61,18,5,8,14.06,0,0,0,13,0,1,3,240.0,13,5.0
61,19,1,4,13.58,5,0,0,0,0,0,3,253.0,5,15.0
61,20,8,7,13.65,0,0,0,15,0,1,4,258.0,15,11.766766766766766
62,1,6,12,18.0,0,0,0,0,18,0,0,0.0,18,15.0
62,2,10,5,16.5,0,0,15,0,0,0,0,18.0,15,12.0
62,3,9,3,15.0,0,0,0,0,12,0,0,33.0,12,13.0
62,4,5,8,14.5,0,0,13,0,0,1,1,45.0,13,19.0
62,5,7,12,15.4,19,0,0,0,0,0,1,58.0,19,14.0
62,6,7,7,15.17,0,14,0,0,0,0,1,77.0,14,13.0
62,7,4,9,14.86,13,0,0,0,0,0,1,91.0,13,8.0
62,8,1,7,14.0,0,0,8,0,0,0,1,104.0,8,17.0
62,9,9,8,14.33,17,0,0,0,0,0,1,112.0,17,9.0
62,10,0,9,13.8,0,9,0,0,0,0,1,129.0,9,3.0
62,11,2,1,12.82,0,0,0,0,3,1,2,138.0,3,19.0
62,12,10,9,13.33,19,0,0,0,0,1,3,141.0,19,16.0
62,13,8,8,13.54,0,0,0,16,0,0,3,160.0,16,19.0
62,14,12,7,13.93,0,0,0,0,19,0,3,176.0,19,8.0
62,15,1,7,13.53,0,0,8,0,0,1,4,195.0,8,13.0
62,16,11,2,13.5,0,0,0,13,0,0,4,203.0,13,4.0
62,17,0,4,12.94,0,4,0,0,0,1,5,216.0,4,14.0
62,18,10,4,13.0,0,0,0,14,0,0,5,220.0,14,16.0
62,19,9,7,13.16,0,16,0,0,0,1,6,234.0,16,7.0
62,20,7,0,12.85,0,0,0,7,0,0,6,250.0,7,11.766766766766766
63,1,1,10,11.0,11,0,0,0,0,0,0,0.0,11,22.0
63,2,11,11,16.5,0,0,22,0,0,0,0,11.0,22,5.0
63,3,0,5,12.67,0,5,0,0,0,1,1,33.0,5,4.0
63,4,4,0,10.5,0,0,0,4,0,0,1,38.0,4,8.0
63,5,1,7,10.0,0,8,0,0,0,0,1,42.0,8,17.0
63,6,10,7,11.17,0,0,0,17,0,1,2,50.0,17,19.0
63,7,11,8,12.29,19,0,0,0,0,0,2,67.0,19,24.0
63,8,12,12,13.75,0,24,0,0,0,0,2,86.0,24,15.0
63,9,3,12,13.89,0,0,0,0,15,0,2,110.0,15,16.0
63,10,7,9,14.1,16,0,0,0,0,1,3,125.0,16,22.0
63,11,12,10,14.82,0,0,22,0,0,0,3,141.0,22,6.0
63,12,5,1,14.08,0,6,0,0,0,0,3,163.0,6,4.0
63,13,1,3,13.31,0,0,4,0,0,0,3,169.0,4,2.0
63,14,0,2,12.5,0,0,0,0,2,0,3,173.0,2,9.0
63,15,1,8,12.27,0,0,9,0,0,0,3,175.0,9,8.0
63,16,6,2,12.0,0,0,0,0,8,0,3,184.0,8,15.0
63,17,11,4,12.18,15,0,0,0,0,0,3,192.0,15,6.0
63,18,6,0,11.83,0,0,0,0,6,0,3,207.0,6,9.0
63,19,2,7,11.68,0,0,0,9,0,0,3,213.0,9,12.0
63,20,7,5,11.7,0,0,0,12,0,1,4,222.0,12,11.766766766766766
64,1,12,0,12.0,0,0,12,0,0,1,1,0.0,12,14.0
64,2,9,5,13.0,0,14,0,0,0,0,1,12.0,14,14.0
64,3,3,11,13.33,0,0,0,0,14,0,1,26.0,14,10.0
64,4,9,1,12.5,10,0,0,0,0,0,1,40.0,10,12.0
64,5,5,7,12.4,0,0,0,0,12,0,1,50.0,12,13.0
64,6,3,10,12.5,0,0,13,0,0,0,1,62.0,13,10.0
64,7,8,2,12.14,0,0,0,0,10,0,1,75.0,10,3.0
64,8,1,2,11.0,0,0,3,0,0,0,1,85.0,3,9.0
64,9,8,1,10.78,0,0,0,0,9,0,1,88.0,9,11.0
64,10,3,8,10.8,0,0,0,11,0,0,1,97.0,11,13.0
64,11,4,9,11.0,0,0,13,0,0,0,1,108.0,13,7.0
64,12,3,4,10.67,0,7,0,0,0,1,2,121.0,7,9.0
64,13,5,4,10.54,9,0,0,0,0,0,2,128.0,9,21.0
64,14,9,12,11.29,0,0,0,21,0,0,2,137.0,21,11.0
64,15,1,10,11.27,11,0,0,0,0,1,3,158.0,11,11.0
64,16,0,11,11.25,0,11,0,0,0,0,3,169.0,11,15.0
64,17,6,9,11.47,0,0,0,15,0,1,4,180.0,15,12.0
64,18,4,8,11.5,0,12,0,0,0,1,5,195.0,12,11.0
64,19,4,7,11.47,0,0,0,11,0,0,5,207.0,11,6.0
64,20,5,1,11.2,6,0,0,0,0,0,5,218.0,6,11.766766766766766
65,1,5,12,17.0,17,0,0,0,0,0,0,0.0,17,8.0
65,2,0,8,12.5,0,0,0,0,8,0,0,17.0,8,12.0
65,3,7,5,12.33,0,0,12,0,0,1,1,25.0,12,8.0
65,4,5,3,11.25,8,0,0,0,0,1,2,37.0,8,12.0
65,5,8,4,11.4,0,0,12,0,0,0,2,45.0,12,18.0
65,6,10,8,12.5,0,18,0,0,0,0,2,57.0,18,18.0
65,7,8,10,13.29,18,0,0,0,0,0,2,75.0,18,18.0
65,8,12,6,13.88,0,0,0,0,18,1,3,93.0,18,7.0
65,9,3,4,13.11,7,0,0,0,0,0,3,111.0,7,13.0
65,10,12,1,13.1,0,0,0,0,13,0,3,118.0,13,15.0
65,11,4,11,13.27,0,0,15,0,0,0,3,131.0,15,15.0
65,12,10,5,13.42,0,0,0,0,15,0,3,146.0,15,7.0
65,13,1,6,12.92,0,7,0,0,0,1,4,161.0,7,14.0
65,14,12,2,13.0,0,0,14,0,0,0,4,168.0,14,10.0
65,15,9,1,12.8,0,10,0,0,0,0,4,182.0,10,17.0
65,16,12,5,13.06,0,0,0,17,0,1,5,192.0,17,21.0
65,17,12,9,13.53,0,21,0,0,0,0,5,209.0,21,17.0
65,18,9,8,13.72,0,0,0,17,0,0,5,230.0,17,21.0
65,19,12,9,14.11,0,0,0,21,0,0,5,247.0,21,4.0
65,20,4,0,13.6,0,0,0,4,0,1,6,268.0,4,11.766766766766766
66,1,6,2,8.0,8,0,0,0,0,1,1,0.0,8,10.0
66,2,10,0,9.0,0,0,0,10,0,0,1,8.0,10,4.0
66,3,2,2,7.33,0,0,4,0,0,1,2,18.0,4,13.0
66,4,1,12,8.75,0,13,0,0,0,0,2,22.0,13,8.0
66,5,3,5,8.6,0,0,0,8,0,0,2,35.0,8,19.0
66,6,7,12,10.33,0,0,19,0,0,1,3,43.0,19,11.0
66,7,6,5,10.43,0,11,0,0,0,0,3,62.0,11,13.0
66,8,9,4,10.75,0,0,0,13,0,0,3,73.0,13,8.0
66,9,4,4,10.44,0,0,0,0,8,0,3,86.0,8,11.0
66,10,10,1,10.5,0,0,0,11,0,0,3,94.0,11,16.0
66,11,6,10,11.0,0,0,16,0,0,1,4,105.0,16,2.0
66,12,0,2,10.25,2,0,0,0,0,0,4,121.0,2,19.0
66,13,8,11,10.92,0,0,0,0,19,0,4,123.0,19,18.0
66,14,9,9,11.43,0,18,0,0,0,0,4,142.0,18,13.0
66,15,11,2,11.53,13,0,0,0,0,0,4,160.0,13,11.0
66,16,10,1,11.5,0,0,0,0,11,0,4,173.0,11,13.0
66,17,5,8,11.59,13,0,0,0,0,0,4,184.0,13,15.0
66,18,7,8,11.78,0,0,15,0,0,0,4,197.0,15,8.0
66,19,5,3,11.58,0,8,0,0,0,0,4,212.0,8,9.0
66,20,2,7,11.45,0,0,0,0,9,0,4,220.0,9,11.766766766766766
67,1,7,7,14.0,0,0,0,14,0,0,0,0.0,14,13.0
67,2,11,2,13.5,0,0,0,0,13,0,0,14.0,13,7.0
67,3,5,2,11.33,0,7,0,0,0,0,0,27.0,7,1.0
67,4,0,1,8.75,0,0,0,0,1,0,0,34.0,1,18.0
67,5,10,8,10.6,0,18,0,0,0,0,0,35.0,18,11.0
67,6,5,6,10.67,0,0,11,0,0,0,0,53.0,11,4.0
67,7,2,2,9.71,4,0,0,0,0,0,0,64.0,4,5.0
67,8,3,2,9.12,0,5,0,0,0,1,1,68.0,5,10.0
67,9,1,9,9.22,0,0,0,0,10,0,1,73.0,10,16.0
67,10,8,8,9.9,0,0,16,0,0,0,1,83.0,16,13.0
67,11,4,9,10.18,13,0,0,0,0,0,1,99.0,13,4.0
67,12,1,3,9.67,0,4,0,0,0,0,1,112.0,4,10.0
67,13,6,4,9.69,0,0,0,10,0,0,1,116.0,10,5.0
67,14,3,2,9.36,0,0,5,0,0,0,1,126.0,5,8.0
67,15,8,0,9.27,0,0,0,0,8,0,1,131.0,8,13.0
67,16,7,6,9.5,13,0,0,0,0,0,1,139.0,13,9.0
67,17,6,3,9.47,0,0,0,9,0,0,1,152.0,9,7.0
67,18,2,5,9.33,0,0,7,0,0,0,1,161.0,7,9.0
67,19,4,5,9.32,0,0,0,9,0,0,1,168.0,9,21.0
67,20,12,9,9.9,21,0,0,0,0,0,1,177.0,21,11.766766766766766
68,1,11,9,20.0,0,0,0,20,0,0,0,0.0,20,13.0
68,2,1,12,16.5,0,0,0,0,13,0,0,20.0,13,13.0
68,3,10,3,15.33,0,13,0,0,0,0,0,33.0,13,1.0
68,4,0,1,11.75,0,0,0,0,1,1,1,46.0,1,13.0
68,5,5,8,12.0,13,0,0,0,0,0,1,47.0,13,14.0
68,6,4,10,12.33,0,0,0,14,0,0,1,60.0,14,17.0
68,7,9,8,13.0,0,0,0,0,17,0,1,74.0,17,20.0
68,8,10,10,13.88,20,0,0,0,0,0,1,91.0,20,6.0
68,9,2,4,13.0,0,0,0,6,0,0,1,111.0,6,12.0
68,10,2,10,12.9,0,0,12,0,0,0,1,117.0,12,6.0
68,11,5,1,12.27,0,6,0,0,0,0,1,129.0,6,19.0
68,12,10,9,12.83,0,0,0,0,19,1,2,135.0,19,18.0
68,13,12,6,13.23,0,0,0,18,0,0,2,154.0,18,16.0
68,14,4,12,13.43,16,0,0,0,0,0,2,172.0,16,9.0
68,15,7,2,13.13,0,9,0,0,0,0,2,188.0,9,22.0
68,16,12,10,13.69,0,0,22,0,0,0,2,197.0,22,8.0
68,17,4,4,13.35,8,0,0,0,0,0,2,219.0,8,18.0
68,18,9,9,13.61,0,18,0,0,0,1,3,227.0,18,12.0
68,19,0,12,13.53,0,0,12,0,0,0,3,245.0,12,11.0
68,20,11,0,13.4,0,0,11,0,0,0,3,257.0,11,11.766766766766766
69,1,0,2,2.0,2,0,0,0,0,0,0,0.0,2,18.0
69,2,6,12,10.0,0,0,0,18,0,0,0,2.0,18,22.0
69,3,10,12,14.0,0,0,0,0,22,0,0,20.0,22,20.0
69,4,9,11,15.5,20,0,0,0,0,0,0,42.0,20,13.0
69,5,7,6,15.0,0,0,0,13,0,1,1,62.0,13,4.0
69,6,1,3,13.17,4,0,0,0,0,0,1,75.0,4,8.0
69,7,0,8,12.43,0,0,0,0,8,0,1,79.0,8,20.0
69,8,12,8,13.38,20,0,0,0,0,0,1,87.0,20,4.0
69,9,0,4,12.33,0,4,0,0,0,0,1,107.0,4,9.0
69,10,0,9,12.0,0,0,0,9,0,0,1,111.0,9,1.0
69,11,1,0,11.0,0,1,0,0,0,0,1,120.0,1,9.0
69,12,7,2,10.83,0,0,9,0,0,1,2,121.0,9,10.0
69,13,6,4,10.77,0,0,0,10,0,0,2,130.0,10,9.0
69,14,8,1,10.64,0,0,9,0,0,0,2,140.0,9,12.0
69,15,4,8,10.73,0,0,0,0,12,0,2,149.0,12,21.0
69,16,10,11,11.38,0,21,0,0,0,0,2,161.0,21,13.0
69,17,7,6,11.47,0,0,13,0,0,1,3,182.0,13,11.0
69,18,5,6,11.44,0,11,0,0,0,0,3,195.0,11,17.0
69,19,9,8,11.74,0,0,17,0,0,0,3,206.0,17,14.0
69,20,9,5,11.85,0,0,0,0,14,1,4,223.0,14,11.766766766766766
70,1,10,9,19.0,0,0,0,0,19,0,0,0.0,19,11.0
70,2,8,3,15.0,0,0,0,11,0,1,1,19.0,11,4.0
70,3,4,0,11.33,0,4,0,0,0,0,1,30.0,4,16.0
70,4,10,6,12.5,0,0,0,16,0,0,1,34.0,16,5.0
70,5,2,3,11.0,0,5,0,0,0,1,2,50.0,5,4.0
70,6,0,4,9.83,0,0,0,4,0,0,2,55.0,4,16.0
70,7,4,12,10.71,0,0,0,0,16,0,2,59.0,16,20.0
70,8,9,11,11.88,20,0,0,0,0,0,2,75.0,20,13.0
70,9,2,11,12.0,0,0,13,0,0,0,2,95.0,13,10.0
70,10,3,7,11.8,0,10,0,0,0,0,2,108.0,10,13.0
70,11,1,12,11.91,13,0,0,0,0,0,2,118.0,13,10.0
70,12,10,0,11.75,0,0,10,0,0,0,2,131.0,10,10.0
70,13,0,10,11.62,0,0,0,10,0,1,3,141.0,10,15.0
70,14,7,8,11.86,0,15,0,0,0,1,4,151.0,15,14.0
70,15,10,4,12.0,0,0,0,0,14,0,4,166.0,14,7.0
70,16,7,0,11.69,7,0,0,0,0,0,4,180.0,7,16.0
70,17,4,12,11.94,0,0,16,0,0,0,4,187.0,16,1.0
70,18,1,0,11.33,1,0,0,0,0,0,4,203.0,1,15.0
70,19,5,10,11.53,0,0,0,0,15,1,5,204.0,15,12.0
70,20,0,12,11.55,0,0,12,0,0,1,6,219.0,12,11.766766766766766
71,1,0,1,1.0,1,0,0,0,0,0,0,0.0,1,12.0
71,2,9,3,6.5,0,0,12,0,0,1,1,1.0,12,11.0
71,3,4,7,8.0,0,11,0,0,0,0,1,13.0,11,0.0
71,4,0,0,6.0,0,0,0,0,0,0,1,24.0,0,10.0
71,5,6,4,6.8,0,0,10,0,0,0,1,24.0,10,9.0
71,6,5,4,7.17,9,0,0,0,0,0,1,34.0,9,11.0
71,7,2,9,7.71,0,0,11,0,0,0,1,43.0,11,12.0
71,8,0,12,8.25,0,0,0,0,12,0,1,54.0,12,8.0
71,9,0,8,8.22,0,0,8,0,0,0,1,66.0,8,14.0
71,10,9,5,8.8,0,0,0,0,14,0,1,74.0,14,2.0
71,11,1,1,8.18,2,0,0,0,0,0,1,88.0,2,11.0
71,12,8,3,8.42,0,0,0,0,11,0,1,90.0,11,10.0
71,13,2,8,8.54,0,10,0,0,0,0,1,101.0,10,14.0
71,14,9,5,8.93,0,0,0,14,0,0,1,111.0,14,2.0
71,15,0,2,8.47,2,0,0,0,0,0,1,125.0,2,12.0
71,16,6,6,8.69,0,0,0,12,0,0,1,127.0,12,9.0
71,17,9,0,8.71,0,9,0,0,0,0,1,139.0,9,5.0
71,18,2,3,8.5,0,0,0,5,0,0,1,148.0,5,16.0
71,19,6,10,8.89,0,16,0,0,0,0,1,153.0,16,17.0
71,20,6,11,9.3,0,0,0,17,0,1,2,169.0,17,11.766766766766766
72,1,0,10,10.0,0,10,0,0,0,1,1,0.0,10,10.0
72,2,3,7,10.0,0,0,0,10,0,1,2,10.0,10,14.0
72,3,3,11,11.33,0,0,0,0,14,0,2,20.0,14,17.0
72,4,9,8,12.75,0,0,0,17,0,0,2,34.0,17,15.0
72,5,5,10,13.2,0,15,0,0,0,0,2,51.0,15,10.0
72,6,7,3,12.67,10,0,0,0,0,0,2,66.0,10,10.0
72,7,5,5,12.29,0,0,0,10,0,1,3,76.0,10,6.0
72,8,3,3,11.5,0,6,0,0,0,0,3,86.0,6,7.0
72,9,5,2,11.0,0,0,7,0,0,1,4,92.0,7,18.0
72,10,9,9,11.7,18,0,0,0,0,0,4,99.0,18,15.0
72,11,12,3,12.0,0,0,0,0,15,0,4,117.0,15,6.0
72,12,0,6,11.5,0,0,6,0,0,0,4,132.0,6,10.0
72,13,7,3,11.38,10,0,0,0,0,0,4,138.0,10,15.0
72,14,3,12,11.64,0,0,15,0,0,0,4,148.0,15,3.0
72,15,2,1,11.07,0,0,0,3,0,0,4,163.0,3,10.0
72,16,7,3,11.0,10,0,0,0,0,0,4,166.0,10,11.0
72,17,11,0,11.0,0,0,0,0,11,0,4,176.0,11,13.0
72,18,8,5,11.11,0,13,0,0,0,0,4,187.0,13,7.0
72,19,7,0,10.89,0,0,7,0,0,0,4,200.0,7,20.0
72,20,10,10,11.35,0,0,0,0,20,0,4,207.0,20,11.766766766766766
73,1,6,4,10.0,0,10,0,0,0,1,1,0.0,10,9.0
73,2,7,2,9.5,0,0,9,0,0,0,1,10.0,9,5.0
73,3,5,0,8.0,0,5,0,0,0,0,1,19.0,5,12.0
73,4,11,1,9.0,0,0,12,0,0,1,2,24.0,12,12.0
73,5,8,4,9.6,0,0,0,12,0,0,2,36.0,12,4.0
73,6,1,3,8.67,0,4,0,0,0,1,3,48.0,4,11.0
73,7,7,4,9.0,11,0,0,0,0,0,3,52.0,11,17.0
73,8,11,6,10.0,0,0,0,17,0,0,3,63.0,17,23.0
73,9,12,11,11.44,0,23,0,0,0,1,4,80.0,23,11.0
73,10,10,1,11.4,0,0,0,0,11,0,4,103.0,11,18.0
73,11,11,7,12.0,0,0,0,18,0,1,5,114.0,18,12.0
73,12,8,4,12.0,0,0,12,0,0,0,5,132.0,12,20.0
73,13,9,11,12.62,0,0,0,20,0,0,5,144.0,20,23.0
73,14,12,11,13.36,0,0,23,0,0,1,6,164.0,23,20.0
73,15,11,9,13.8,0,0,0,0,20,1,7,187.0,20,18.0
73,16,9,9,14.06,18,0,0,0,0,0,7,207.0,18,18.0
73,17,8,10,14.29,0,0,0,0,18,1,8,225.0,18,9.0
73,18,1,8,14.0,9,0,0,0,0,1,9,243.0,9,15.0
73,19,3,12,14.05,0,0,0,0,15,0,9,252.0,15,16.0
73,20,7,9,14.15,16,0,0,0,0,0,9,267.0,16,11.766766766766766
74,1,5,10,15.0,0,15,0,0,0,1,1,0.0,15,12.0
74,2,11,1,13.5,12,0,0,0,0,0,1,15.0,12,20.0
74,3,8,12,15.67,0,0,0,20,0,0,1,27.0,20,15.0
74,4,4,11,15.5,15,0,0,0,0,1,2,47.0,15,11.0
74,5,5,6,14.6,0,11,0,0,0,0,2,62.0,11,14.0
74,6,2,12,14.5,14,0,0,0,0,1,3,73.0,14,13.0
74,7,1,12,14.29,0,0,0,13,0,0,3,87.0,13,4.0
74,8,3,1,13.0,4,0,0,0,0,0,3,100.0,4,15.0
74,9,12,3,13.22,0,15,0,0,0,0,3,104.0,15,13.0
74,10,9,4,13.2,0,0,0,13,0,0,3,119.0,13,14.0
74,11,4,10,13.27,0,0,0,0,14,1,4,132.0,14,11.0
74,12,3,8,13.08,0,0,0,11,0,1,5,146.0,11,18.0
74,13,11,7,13.46,0,18,0,0,0,1,6,157.0,18,11.0
74,14,1,10,13.29,0,0,0,0,11,0,6,175.0,11,10.0
74,15,5,5,13.07,0,0,10,0,0,0,6,186.0,10,6.0
74,16,6,0,12.62,0,0,0,0,6,0,6,196.0,6,13.0
74,17,1,12,12.65,0,0,13,0,0,0,6,202.0,13,3.0
74,18,0,3,12.11,0,0,0,0,3,0,6,215.0,3,19.0
74,19,10,9,12.47,0,0,19,0,0,0,6,218.0,19,12.0
74,20,3,9,12.45,0,0,12,0,0,0,6,237.0,12,11.766766766766766
75,1,7,10,17.0,0,17,0,0,0,0,0,0.0,17,11.0
75,2,7,4,14.0,0,0,0,11,0,0,0,17.0,11,20.0
75,3,8,12,16.0,20,0,0,0,0,0,0,28.0,20,14.0
75,4,6,8,15.5,0,0,0,0,14,0,0,48.0,14,21.0
75,5,11,10,16.6,0,0,21,0,0,1,1,62.0,21,14.0
75,6,2,12,16.17,0,0,0,14,0,0,1,83.0,14,5.0
75,7,0,5,14.57,0,0,5,0,0,1,2,97.0,5,12.0
75,8,5,7,14.25,12,0,0,0,0,1,3,102.0,12,15.0
75,9,6,9,14.33,0,0,0,0,15,1,4,114.0,15,15.0
75,10,3,12,14.4,0,0,0,15,0,0,4,129.0,15,3.0
75,11,3,0,13.36,0,3,0,0,0,0,4,144.0,3,11.0
75,12,8,3,13.17,0,0,11,0,0,0,4,147.0,11,7.0
75,13,6,1,12.69,0,7,0,0,0,1,5,158.0,7,6.0
75,14,4,2,12.21,0,0,0,0,6,1,6,165.0,6,19.0
75,15,7,12,12.67,0,19,0,0,0,0,6,171.0,19,13.0
75,16,7,6,12.69,0,0,0,13,0,0,6,190.0,13,17.0
75,17,5,12,12.94,0,0,0,0,17,1,7,203.0,17,12.0
75,18,8,4,12.89,0,0,12,0,0,0,7,220.0,12,14.0
75,19,4,10,12.95,14,0,0,0,0,0,7,232.0,14,9.0
75,20,2,7,12.75,9,0,0,0,0,0,7,246.0,9,11.766766766766766
76,1,10,1,11.0,0,0,11,0,0,0,0,0.0,11,13.0
76,2,12,1,12.0,0,0,0,13,0,0,0,11.0,13,8.0
76,3,5,3,10.67,0,0,0,0,8,0,0,24.0,8,19.0
76,4,11,8,12.75,19,0,0,0,0,0,0,32.0,19,14.0
76,5,4,10,13.0,0,14,0,0,0,1,1,51.0,14,14.0
76,6,7,7,13.17,0,0,14,0,0,0,1,65.0,14,18.0
76,7,10,8,13.86,18,0,0,0,0,0,1,79.0,18,17.0
76,8,12,5,14.25,0,0,0,0,17,0,1,97.0,17,11.0
76,9,7,4,13.89,0,11,0,0,0,0,1,114.0,11,9.0
76,10,8,1,13.4,9,0,0,0,0,0,1,125.0,9,23.0
76,11,11,12,14.27,0,23,0,0,0,0,1,134.0,23,14.0
76,12,3,11,14.25,0,0,0,0,14,1,2,157.0,14,16.0
76,13,5,11,14.38,0,16,0,0,0,0,2,171.0,16,11.0
76,14,8,3,14.14,0,0,0,0,11,0,2,187.0,11,8.0
76,15,7,1,13.73,0,0,0,8,0,0,2,198.0,8,8.0
76,16,8,0,13.38,0,0,8,0,0,0,2,206.0,8,20.0
76,17,9,11,13.76,0,0,0,20,0,0,2,214.0,20,13.0
76,18,4,9,13.72,0,0,13,0,0,0,2,234.0,13,22.0
76,19,11,11,14.16,0,0,0,22,0,0,2,247.0,22,7.0
76,20,5,2,13.8,7,0,0,0,0,0,2,269.0,7,11.766766766766766
77,1,1,4,5.0,0,5,0,0,0,0,0,0.0,5,9.0
77,2,3,6,7.0,9,0,0,0,0,0,0,5.0,9,7.0
77,3,3,4,7.0,0,0,0,7,0,0,0,14.0,7,5.0
77,4,0,5,6.5,0,5,0,0,0,0,0,21.0,5,10.0
77,5,7,3,7.2,0,0,0,10,0,1,1,26.0,10,13.0
77,6,4,9,8.17,0,13,0,0,0,0,1,36.0,13,19.0
77,7,8,11,9.71,0,0,0,19,0,1,2,49.0,19,9.0
77,8,8,1,9.62,0,0,0,0,9,0,2,68.0,9,14.0
77,9,11,3,10.11,14,0,0,0,0,0,2,77.0,14,12.0
77,10,5,7,10.3,0,12,0,0,0,0,2,91.0,12,19.0
77,11,11,8,11.09,0,0,19,0,0,0,2,103.0,19,14.0
77,12,6,8,11.33,0,0,0,14,0,0,2,122.0,14,6.0
77,13,1,5,10.92,0,0,0,0,6,0,2,136.0,6,9.0
77,14,4,5,10.79,0,0,9,0,0,0,2,142.0,9,3.0
77,15,1,2,10.27,3,0,0,0,0,1,3,151.0,3,15.0
77,16,4,11,10.56,0,0,15,0,0,0,3,154.0,15,4.0
77,17,2,2,10.18,0,0,0,0,4,0,3,169.0,4,12.0
77,18,5,7,10.28,12,0,0,0,0,0,3,173.0,12,22.0
77,19,11,11,10.89,0,0,22,0,0,0,3,185.0,22,22.0
77,20,10,12,11.45,0,0,0,0,22,0,3,207.0,22,11.766766766766766
78,1,11,6,17.0,0,0,0,0,17,1,1,0.0,17,6.0
78,2,6,0,11.5,0,6,0,0,0,0,1,17.0,6,11.0
78,3,2,9,11.33,0,0,11,0,0,0,1,23.0,11,15.0
78,4,8,7,12.25,0,0,0,0,15,1,2,34.0,15,22.0
78,5,10,12,14.2,0,0,22,0,0,0,2,49.0,22,10.0
78,6,3,7,13.5,0,0,0,0,10,0,2,71.0,10,21.0
78,7,12,9,14.57,0,21,0,0,0,0,2,81.0,21,12.0
78,8,6,6,14.25,12,0,0,0,0,0,2,102.0,12,6.0
78,9,5,1,13.33,0,0,6,0,0,0,2,114.0,6,3.0
78,10,1,2,12.3,3,0,0,0,0,0,2,120.0,3,7.0
78,11,0,7,11.82,0,0,0,0,7,0,2,123.0,7,8.0
78,12,2,6,11.5,0,0,0,8,0,1,3,130.0,8,10.0
78,13,6,4,11.38,0,10,0,0,0,1,4,138.0,10,18.0
78,14,9,9,11.86,0,0,18,0,0,0,4,148.0,18,13.0
78,15,9,4,11.93,0,0,0,13,0,0,4,166.0,13,2.0
78,16,0,2,11.31,2,0,0,0,0,0,4,179.0,2,20.0
78,17,12,8,11.82,0,20,0,0,0,1,5,181.0,20,11.0
78,18,4,7,11.78,11,0,0,0,0,0,5,201.0,11,12.0
78,19,11,1,11.79,0,0,0,12,0,1,6,212.0,12,11.0
78,20,8,3,11.75,0,0,0,11,0,0,6,224.0,11,11.766766766766766
79,1,6,12,18.0,0,18,0,0,0,0,0,0.0,18,7.0
79,2,7,0,12.5,7,0,0,0,0,0,0,18.0,7,21.0
79,3,10,11,15.33,0,0,0,21,0,0,0,25.0,21,9.0
79,4,8,1,13.75,0,0,0,0,9,0,0,46.0,9,2.0
79,5,0,2,11.4,0,0,2,0,0,1,1,55.0,2,22.0
79,6,12,10,13.17,0,0,0,22,0,0,1,57.0,22,18.0
79,7,7,11,13.86,0,18,0,0,0,1,2,79.0,18,18.0
79,8,12,6,14.38,18,0,0,0,0,0,2,97.0,18,8.0
79,9,4,4,13.67,0,8,0,0,0,0,2,115.0,8,12.0
79,10,10,2,13.5,0,0,0,12,0,0,2,123.0,12,13.0
79,11,11,2,13.45,0,13,0,0,0,0,2,135.0,13,11.0
79,12,8,3,13.25,11,0,0,0,0,0,2,148.0,11,8.0
79,13,8,0,12.85,0,0,0,0,8,1,3,159.0,8,13.0
79,14,9,4,12.86,0,0,13,0,0,1,4,167.0,13,11.0
79,15,4,7,12.73,0,0,0,11,0,0,4,180.0,11,14.0
79,16,4,10,12.81,14,0,0,0,0,0,4,191.0,14,5.0
79,17,2,3,12.35,0,0,0,0,5,0,4,205.0,5,14.0
79,18,3,11,12.44,0,0,14,0,0,0,4,210.0,14,17.0
79,19,7,10,12.68,0,0,0,0,17,1,5,224.0,17,21.0
79,20,10,11,13.1,0,0,21,0,0,1,6,241.0,21,11.766766766766766
80,1,8,1,9.0,0,0,0,9,0,0,0,0.0,9,7.0
80,2,5,2,8.0,0,7,0,0,0,0,0,9.0,7,10.0
80,3,10,0,8.67,0,0,0,10,0,0,0,16.0,10,7.0
80,4,0,7,8.25,0,7,0,0,0,0,0,26.0,7,10.0
80,5,5,5,8.6,0,0,10,0,0,0,0,33.0,10,14.0
80,6,4,10,9.5,0,0,0,0,14,0,0,43.0,14,8.0
80,7,0,8,9.29,8,0,0,0,0,0,0,57.0,8,17.0
80,8,9,8,10.25,0,0,0,17,0,1,1,65.0,17,6.0
80,9,3,3,9.78,6,0,0,0,0,1,2,82.0,6,15.0
80,10,10,5,10.3,0,0,0,0,15,0,2,88.0,15,3.0
80,11,3,0,9.64,0,3,0,0,0,1,3,103.0,3,15.0
80,12,3,12,10.08,15,0,0,0,0,1,4,106.0,15,23.0
80,13,11,12,11.08,0,0,0,0,23,0,4,121.0,23,12.0
80,14,9,3,11.14,0,0,0,12,0,0,4,144.0,12,8.0
80,15,8,0,10.93,0,8,0,0,0,0,4,156.0,8,12.0
80,16,0,12,11.0,0,0,0,0,12,0,4,164.0,12,12.0
80,17,1,11,11.06,0,0,12,0,0,0,4,176.0,12,14.0
80,18,5,9,11.22,14,0,0,0,0,0,4,188.0,14,0.0
80,19,0,0,10.63,0,0,0,0,0,0,4,202.0,0,10.0
80,20,10,0,10.6,0,0,10,0,0,0,4,202.0,10,11.766766766766766
81,1,11,5,16.0,0,0,16,0,0,1,1,0.0,16,9.0
81,2,6,3,12.5,0,9,0,0,0,0,1,16.0,9,23.0
81,3,11,12,16.0,0,0,0,23,0,1,2,25.0,23,12.0
81,4,8,4,15.0,0,12,0,0,0,0,2,48.0,12,18.0
81,5,7,11,15.6,18,0,0,0,0,0,2,60.0,18,0.0
81,6,0,0,13.0,0,0,0,0,0,0,2,78.0,0,9.0
81,7,0,9,12.43,0,0,9,0,0,0,2,78.0,9,15.0
81,8,9,6,12.75,0,0,0,15,0,0,2,87.0,15,20.0
81,9,12,8,13.56,0,0,20,0,0,0,2,102.0,20,10.0
81,10,0,10,13.2,0,0,0,10,0,0,2,122.0,10,14.0
81,11,7,7,13.27,0,14,0,0,0,0,2,132.0,14,20.0
81,12,10,10,13.83,0,0,0,0,20,0,2,146.0,20,17.0
81,13,9,8,14.08,0,0,17,0,0,0,2,166.0,17,15.0
81,14,11,4,14.14,15,0,0,0,0,1,3,183.0,15,22.0
81,15,10,12,14.67,0,0,0,0,22,0,3,198.0,22,13.0
81,16,10,3,14.56,0,13,0,0,0,0,3,220.0,13,11.0
81,17,6,5,14.35,0,0,0,0,11,0,3,233.0,11,18.0
81,18,6,12,14.56,18,0,0,0,0,0,3,244.0,18,17.0
81,19,7,10,14.68,0,0,0,0,17,0,3,262.0,17,12.0
81,20,12,0,14.55,12,0,0,0,0,1,4,279.0,12,11.766766766766766
82,1,4,9,13.0,0,0,13,0,0,1,1,0.0,13,11.0
82,2,4,7,12.0,11,0,0,0,0,0,1,13.0,11,10.0
82,3,0,10,11.33,0,0,10,0,0,0,1,24.0,10,10.0
82,4,3,7,11.0,0,10,0,0,0,0,1,34.0,10,11.0
82,5,0,11,11.0,11,0,0,0,0,1,2,44.0,11,1.0
82,6,0,1,9.33,0,0,1,0,0,1,3,55.0,1,1.0
82,7,0,1,8.14,0,1,0,0,0,0,3,56.0,1,7.0
82,8,5,2,8.0,0,0,7,0,0,0,3,57.0,7,17.0
82,9,9,8,9.0,0,0,0,0,17,0,3,64.0,17,15.0
82,10,3,12,9.6,0,0,0,15,0,0,3,81.0,15,15.0
82,11,10,5,10.09,15,0,0,0,0,1,4,96.0,15,18.0
82,12,9,9,10.75,0,18,0,0,0,0,4,111.0,18,8.0
82,13,2,6,10.54,0,0,0,8,0,1,5,129.0,8,15.0
82,14,6,9,10.86,0,15,0,0,0,0,5,137.0,15,11.0
82,15,6,5,10.87,0,0,0,0,11,0,5,152.0,11,19.0
82,16,12,7,11.38,0,0,0,19,0,1,6,163.0,19,9.0
82,17,6,3,11.24,9,0,0,0,0,0,6,182.0,9,13.0
82,18,8,5,11.33,0,0,0,13,0,0,6,191.0,13,6.0
82,19,4,2,11.05,0,0,0,0,6,0,6,204.0,6,18.0
82,20,8,10,11.4,0,0,0,0,18,0,6,210.0,18,11.766766766766766
83,1,0,0,0.0,0,0,0,0,0,0,0,0.0,0,7.0
83,2,1,6,3.5,7,0,0,0,0,0,0,0.0,7,10.0
83,3,6,4,5.67,0,0,0,0,10,0,0,7.0,10,20.0
83,4,9,11,9.25,20,0,0,0,0,1,1,17.0,20,14.0
83,5,3,11,10.2,0,0,0,14,0,1,2,37.0,14,4.0
83,6,2,2,9.17,0,4,0,0,0,0,2,51.0,4,17.0
83,7,9,8,10.29,17,0,0,0,0,0,2,55.0,17,15.0
83,8,12,3,10.88,0,0,15,0,0,0,2,72.0,15,5.0
83,9,0,5,10.22,0,0,0,0,5,0,2,87.0,5,12.0
83,10,4,8,10.4,0,0,0,12,0,0,2,92.0,12,4.0
83,11,4,0,9.82,0,0,4,0,0,1,3,104.0,4,18.0
83,12,8,10,10.5,0,0,0,18,0,1,4,108.0,18,11.0
83,13,6,5,10.54,11,0,0,0,0,1,5,126.0,11,10.0
83,14,0,10,10.5,0,0,10,0,0,1,6,137.0,10,6.0
83,15,0,6,10.2,0,0,0,0,6,0,6,147.0,6,6.0
83,16,6,0,9.94,0,6,0,0,0,1,7,153.0,6,6.0
83,17,6,0,9.71,0,0,0,6,0,0,7,159.0,6,15.0
83,18,12,3,10.0,0,0,0,0,15,0,7,165.0,15,7.0
83,19,4,3,9.84,0,7,0,0,0,0,7,180.0,7,11.0
83,20,10,1,9.9,0,11,0,0,0,0,7,187.0,11,11.766766766766766
84,1,4,0,4.0,0,0,0,0,4,0,0,0.0,4,22.0
84,2,11,11,13.0,0,0,22,0,0,1,1,4.0,22,10.0
84,3,4,6,12.0,0,10,0,0,0,0,1,26.0,10,16.0
84,4,9,7,13.0,0,0,16,0,0,0,1,36.0,16,9.0
84,5,9,0,12.2,0,0,0,9,0,0,1,52.0,9,14.0
84,6,3,11,12.5,0,14,0,0,0,1,2,61.0,14,21.0
84,7,12,9,13.71,21,0,0,0,0,0,2,75.0,21,13.0
84,8,6,7,13.62,0,0,13,0,0,1,3,96.0,13,18.0
84,9,11,7,14.11,0,18,0,0,0,0,3,109.0,18,6.0
84,10,1,5,13.3,0,0,0,0,6,1,4,127.0,6,19.0
84,11,12,7,13.82,19,0,0,0,0,0,4,133.0,19,10.0
84,12,7,3,13.5,0,0,0,10,0,1,5,152.0,10,15.0
84,13,11,4,13.62,0,0,15,0,0,0,5,162.0,15,11.0
84,14,0,11,13.43,0,0,0,11,0,0,5,177.0,11,20.0
84,15,10,10,13.87,20,0,0,0,0,0,5,188.0,20,23.0
84,16,11,12,14.44,0,23,0,0,0,0,5,208.0,23,7.0
84,17,6,1,14.0,7,0,0,0,0,1,6,231.0,7,11.0
84,18,5,6,13.83,0,0,0,0,11,0,6,238.0,11,13.0
84,19,8,5,13.79,0,0,0,13,0,0,6,249.0,13,15.0
84,20,7,8,13.85,0,0,0,0,15,0,6,262.0,15,11.766766766766766
85,1,6,4,10.0,0,0,0,0,10,1,1,0.0,10,9.0
85,2,4,5,9.5,9,0,0,0,0,0,1,10.0,9,3.0
85,3,0,3,7.33,0,0,0,0,3,1,2,19.0,3,2.0
85,4,2,0,6.0,0,0,0,2,0,0,2,22.0,2,20.0
85,5,9,11,8.8,0,20,0,0,0,1,3,24.0,20,7.0
85,6,6,1,8.5,0,0,0,7,0,0,3,44.0,7,22.0
85,7,10,12,10.43,0,0,22,0,0,0,3,51.0,22,14.0
85,8,12,2,10.88,0,14,0,0,0,0,3,73.0,14,3.0
85,9,3,0,10.0,3,0,0,0,0,0,3,87.0,3,16.0
85,10,12,4,10.6,0,0,0,16,0,1,4,90.0,16,11.0
85,11,10,1,10.64,11,0,0,0,0,1,5,106.0,11,10.0
85,12,6,4,10.58,0,0,0,0,10,0,5,117.0,10,15.0
85,13,10,5,10.92,0,15,0,0,0,0,5,127.0,15,14.0
85,14,4,10,11.14,0,0,0,0,14,0,5,142.0,14,11.0
85,15,3,8,11.13,0,11,0,0,0,0,5,156.0,11,15.0
85,16,10,5,11.38,0,0,0,15,0,0,5,167.0,15,11.0
85,17,1,10,11.35,11,0,0,0,0,0,5,182.0,11,15.0
85,18,3,12,11.56,0,0,15,0,0,0,5,193.0,15,5.0
85,19,2,3,11.21,0,0,5,0,0,0,5,208.0,5,16.0
85,20,10,6,11.45,0,0,16,0,0,0,5,213.0,16,11.766766766766766
86,1,2,5,7.0,7,0,0,0,0,0,0,0.0,7,16.0
86,2,12,4,11.5,0,0,0,0,16,1,1,7.0,16,11.0
86,3,2,9,11.33,0,11,0,0,0,0,1,23.0,11,16.0
86,4,7,9,12.5,16,0,0,0,0,0,1,34.0,16,13.0
86,5,4,9,12.6,0,0,0,13,0,1,2,50.0,13,6.0
86,6,6,0,11.5,0,6,0,0,0,0,2,63.0,6,3.0
86,7,2,1,10.29,0,0,0,3,0,0,2,69.0,3,13.0
86,8,10,3,10.62,13,0,0,0,0,0,2,72.0,13,15.0
86,9,4,11,11.11,0,0,15,0,0,0,2,85.0,15,14.0
86,10,9,5,11.4,14,0,0,0,0,1,3,100.0,14,12.0
86,11,1,11,11.45,0,0,0,0,12,0,3,114.0,12,9.0
86,12,5,4,11.25,0,0,0,9,0,0,3,126.0,9,13.0
86,13,5,8,11.38,0,0,0,0,13,0,3,135.0,13,14.0
86,14,2,12,11.57,0,0,14,0,0,0,3,148.0,14,10.0
86,15,6,4,11.47,0,0,0,10,0,0,3,162.0,10,13.0
86,16,2,11,11.56,0,0,0,0,13,0,3,172.0,13,19.0
86,17,8,11,12.0,0,0,19,0,0,0,3,185.0,19,15.0
86,18,8,7,12.17,0,15,0,0,0,0,3,204.0,15,18.0
86,19,11,7,12.47,0,0,18,0,0,0,3,219.0,18,19.0
86,20,9,10,12.8,0,19,0,0,0,0,3,237.0,19,11.766766766766766
87,1,12,1,13.0,0,13,0,0,0,1,1,0.0,13,15.0
87,2,7,8,14.0,0,0,15,0,0,0,1,13.0,15,20.0
87,3,12,8,16.0,0,0,0,0,20,1,2,28.0,20,1.0
87,4,1,0,12.25,0,1,0,0,0,0,2,48.0,1,11.0
87,5,11,0,12.0,11,0,0,0,0,1,3,49.0,11,5.0
87,6,3,2,10.83,0,0,5,0,0,0,3,60.0,5,18.0
87,7,9,9,11.86,0,0,0,18,0,1,4,65.0,18,4.0
87,8,4,0,10.88,0,0,4,0,0,0,4,83.0,4,13.0
87,9,9,4,11.11,0,0,0,13,0,0,4,87.0,13,15.0
87,10,3,12,11.5,0,0,0,0,15,0,4,100.0,15,2.0
87,11,0,2,10.64,0,0,0,2,0,1,5,115.0,2,12.0
87,12,10,2,10.75,0,0,0,0,12,0,5,117.0,12,8.0
87,13,6,2,10.54,0,8,0,0,0,0,5,129.0,8,12.0
87,14,6,6,10.64,0,0,0,12,0,1,6,137.0,12,7.0
87,15,4,3,10.4,7,0,0,0,0,0,6,149.0,7,12.0
87,16,11,1,10.5,0,0,12,0,0,0,6,156.0,12,4.0
87,17,0,4,10.12,0,0,0,0,4,0,6,168.0,4,17.0
87,18,10,7,10.5,17,0,0,0,0,0,6,172.0,17,13.0
87,19,3,10,10.63,0,13,0,0,0,0,6,189.0,13,12.0
87,20,8,4,10.7,12,0,0,0,0,1,7,202.0,12,11.766766766766766
88,1,4,2,6.0,6,0,0,0,0,0,0,0.0,6,7.0
88,2,7,0,6.5,0,0,7,0,0,1,1,6.0,7,23.0
88,3,11,12,12.0,0,0,0,23,0,0,1,13.0,23,9.0
88,4,9,0,11.25,0,9,0,0,0,1,2,36.0,9,24.0
88,5,12,12,13.8,0,0,24,0,0,0,2,45.0,24,16.0
88,6,12,4,14.17,16,0,0,0,0,1,3,69.0,16,16.0
88,7,4,12,14.43,0,0,0,0,16,1,4,85.0,16,12.0
88,8,8,4,14.12,0,0,12,0,0,1,5,101.0,12,8.0
88,9,5,3,13.44,0,0,0,0,8,0,5,113.0,8,12.0
88,10,8,4,13.3,0,12,0,0,0,1,6,121.0,12,1.0
88,11,0,1,12.18,0,0,0,0,1,0,6,133.0,1,11.0
88,12,1,10,12.08,0,11,0,0,0,0,6,134.0,11,17.0
88,13,8,9,12.46,0,0,17,0,0,0,6,145.0,17,17.0
88,14,10,7,12.79,0,0,0,0,17,1,7,162.0,17,6.0
88,15,0,6,12.33,0,6,0,0,0,1,8,179.0,6,8.0
88,16,5,3,12.06,0,0,0,8,0,0,8,185.0,8,6.0
88,17,5,1,11.71,6,0,0,0,0,0,8,193.0,6,24.0
88,18,12,12,12.39,0,0,0,24,0,1,9,199.0,24,15.0
88,19,3,12,12.53,15,0,0,0,0,1,10,223.0,15,11.766766766766766
89,1,1,10,11.0,0,0,0,11,0,0,0,0.0,11,7.0
89,2,4,3,9.0,0,7,0,0,0,0,0,11.0,7,19.0
89,3,12,7,12.33,0,0,0,19,0,0,0,18.0,19,10.0
89,4,10,0,11.75,0,0,10,0,0,1,1,37.0,10,15.0
89,5,3,12,12.4,0,0,0,0,15,0,1,47.0,15,18.0
89,6,9,9,13.33,0,18,0,0,0,1,2,62.0,18,7.0
89,7,5,2,12.43,0,0,0,0,7,0,2,80.0,7,16.0
89,8,5,11,12.88,0,0,16,0,0,0,2,87.0,16,18.0
89,9,12,6,13.44,0,0,0,18,0,0,2,103.0,18,1.0
89,10,1,0,12.2,1,0,0,0,0,0,2,121.0,1,10.0
89,11,4,6,12.0,0,0,0,10,0,0,2,122.0,10,12.0
89,12,4,8,12.0,0,0,0,0,12,0,2,132.0,12,10.0
89,13,8,2,11.85,0,10,0,0,0,0,2,144.0,10,9.0
89,14,2,7,11.64,0,0,0,0,9,0,2,154.0,9,5.0
89,15,2,3,11.2,5,0,0,0,0,0,2,163.0,5,12.0
89,16,3,9,11.25,0,12,0,0,0,0,2,168.0,12,4.0
89,17,0,4,10.82,4,0,0,0,0,0,2,180.0,4,8.0
89,18,1,7,10.67,0,0,8,0,0,0,2,184.0,8,9.0
89,19,7,2,10.58,9,0,0,0,0,1,3,192.0,9,1.0
89,20,0,1,10.1,0,0,1,0,0,1,4,201.0,1,11.766766766766766
90,1,7,7,14.0,0,0,0,14,0,0,0,0.0,14,14.0
90,2,2,12,14.0,0,0,0,0,14,0,0,14.0,14,8.0
90,3,8,0,12.0,0,8,0,0,0,0,0,28.0,8,11.0
90,4,4,7,11.75,0,0,11,0,0,1,1,36.0,11,14.0
90,5,3,11,12.2,0,0,0,14,0,0,1,47.0,14,11.0
90,6,2,9,12.0,0,11,0,0,0,0,1,61.0,11,21.0
90,7,11,10,13.29,0,0,0,21,0,0,1,72.0,21,2.0
90,8,0,2,11.88,0,0,2,0,0,0,1,93.0,2,20.0
90,9,12,8,12.78,20,0,0,0,0,0,1,95.0,20,23.0
90,10,12,11,13.8,0,0,0,23,0,0,1,115.0,23,12.0
90,11,7,5,13.64,12,0,0,0,0,0,1,138.0,12,14.0
90,12,10,4,13.67,0,0,0,0,14,0,1,150.0,14,17.0
90,13,5,12,13.92,0,0,17,0,0,0,1,164.0,17,16.0
90,14,4,12,14.07,16,0,0,0,0,0,1,181.0,16,4.0
90,15,1,3,13.4,0,0,0,0,4,0,1,197.0,4,16.0
90,16,7,9,13.56,0,16,0,0,0,0,1,201.0,16,22.0
90,17,10,12,14.06,0,0,22,0,0,0,1,217.0,22,19.0
90,18,7,12,14.33,0,19,0,0,0,1,2,239.0,19,20.0
90,19,12,8,14.63,0,0,0,0,20,0,2,258.0,20,3.0
90,20,0,3,14.05,3,0,0,0,0,0,2,278.0,3,11.766766766766766
91,1,7,10,17.0,17,0,0,0,0,0,0,0.0,17,7.0
91,2,2,5,12.0,0,0,7,0,0,0,0,17.0,7,17.0
91,3,6,11,13.67,17,0,0,0,0,0,0,24.0,17,10.0
91,4,1,9,12.75,0,0,0,10,0,0,0,41.0,10,3.0
91,5,1,2,10.8,0,0,3,0,0,1,1,51.0,3,14.0
91,6,2,12,11.33,0,0,0,0,14,0,1,54.0,14,10.0
91,7,7,3,11.14,0,0,10,0,0,1,2,68.0,10,17.0
91,8,8,9,11.88,0,0,0,17,0,0,2,78.0,17,14.0
91,9,3,11,12.11,0,0,0,0,14,0,2,95.0,14,8.0
91,10,6,2,11.7,0,8,0,0,0,0,2,109.0,8,13.0
91,11,10,3,11.82,0,0,0,0,13,0,2,117.0,13,11.0
91,12,9,2,11.75,11,0,0,0,0,0,2,130.0,11,1.0
91,13,0,1,10.92,0,1,0,0,0,1,3,141.0,1,14.0
91,14,8,6,11.14,0,0,14,0,0,0,3,142.0,14,9.0
91,15,8,1,11.0,0,0,0,9,0,0,3,156.0,9,15.0
91,16,7,8,11.25,15,0,0,0,0,0,3,165.0,15,4.0
91,17,2,2,10.82,0,4,0,0,0,0,3,180.0,4,6.0
91,18,1,5,10.56,0,0,0,0,6,0,3,184.0,6,9.0
91,19,3,6,10.47,0,0,0,9,0,0,3,190.0,9,24.0
91,20,12,12,11.15,0,24,0,0,0,1,4,199.0,24,11.766766766766766
92,1,3,0,3.0,3,0,0,0,0,0,0,0.0,3,14.0
92,2,8,6,8.5,0,0,0,0,14,0,0,3.0,14,16.0
92,3,7,9,11.0,0,0,16,0,0,0,0,17.0,16,21.0
92,4,12,9,13.5,21,0,0,0,0,0,0,33.0,21,7.0
92,5,3,4,12.2,0,0,0,7,0,0,0,54.0,7,13.0
92,6,1,12,12.33,0,0,13,0,0,0,0,61.0,13,6.0
92,7,1,5,11.43,0,6,0,0,0,0,0,74.0,6,12.0
92,8,0,12,11.5,0,0,0,12,0,0,0,80.0,12,13.0
92,9,5,8,11.67,0,0,13,0,0,0,0,92.0,13,21.0
92,10,9,12,12.6,0,0,0,0,21,1,1,105.0,21,3.0
92,11,0,3,11.73,0,0,0,3,0,0,1,126.0,3,10.0
92,12,3,7,11.58,10,0,0,0,0,0,1,129.0,10,5.0
92,13,3,2,11.08,0,0,0,5,0,0,1,139.0,5,16.0
92,14,8,8,11.43,0,0,16,0,0,0,1,144.0,16,20.0
92,15,10,10,12.0,0,20,0,0,0,0,1,160.0,20,17.0
92,16,9,8,12.31,17,0,0,0,0,0,1,180.0,17,13.0
92,17,12,1,12.35,0,0,0,0,13,0,1,197.0,13,9.0
92,18,1,8,12.17,0,9,0,0,0,0,1,210.0,9,16.0
92,19,11,5,12.37,0,0,0,0,16,1,2,219.0,16,10.0
92,20,10,0,12.25,0,10,0,0,0,0,2,235.0,10,11.766766766766766
93,1,11,5,16.0,0,0,0,16,0,0,0,0.0,16,0.0
93,2,0,0,8.0,0,0,0,0,0,0,0,16.0,0,13.0
93,3,2,11,9.67,0,0,0,0,13,0,0,16.0,13,6.0
93,4,4,2,8.75,0,6,0,0,0,0,0,29.0,6,12.0
93,5,4,8,9.4,0,0,0,12,0,0,0,35.0,12,10.0
93,6,9,1,9.5,10,0,0,0,0,0,0,47.0,10,7.0
93,7,2,5,9.14,0,0,0,0,7,0,0,57.0,7,9.0
93,8,8,1,9.12,0,0,0,9,0,0,0,64.0,9,8.0
93,9,3,5,9.0,8,0,0,0,0,0,0,73.0,8,10.0
93,10,0,10,9.1,0,0,10,0,0,1,1,81.0,10,10.0
93,11,3,7,9.18,0,0,0,0,10,0,1,91.0,10,11.0
93,12,7,4,9.33,0,11,0,0,0,0,1,101.0,11,19.0
93,13,12,7,10.08,0,0,0,19,0,0,1,112.0,19,18.0
93,14,11,7,10.64,0,18,0,0,0,0,1,131.0,18,14.0
93,15,4,10,10.87,14,0,0,0,0,1,2,149.0,14,14.0
93,16,2,12,11.06,0,0,0,0,14,0,2,163.0,14,16.0
93,17,4,12,11.35,0,0,16,0,0,0,2,177.0,16,15.0
93,18,4,11,11.56,15,0,0,0,0,0,2,193.0,15,7.0
93,19,1,6,11.32,0,0,7,0,0,0,2,208.0,7,2.0
93,20,2,0,10.85,0,0,2,0,0,0,2,215.0,2,11.766766766766766
94,1,12,7,19.0,0,19,0,0,0,0,0,0.0,19,11.0
94,2,6,5,15.0,0,0,0,11,0,1,1,19.0,11,19.0
94,3,7,12,16.33,0,0,19,0,0,0,1,30.0,19,10.0
94,4,3,7,14.75,0,10,0,0,0,0,1,49.0,10,9.0
94,5,5,4,13.6,0,0,0,0,9,0,1,59.0,9,11.0
94,6,5,6,13.17,0,0,0,11,0,0,1,68.0,11,15.0
94,7,10,5,13.43,0,0,15,0,0,1,2,79.0,15,3.0
94,8,1,2,12.12,0,0,0,3,0,0,2,94.0,3,20.0
94,9,8,12,13.0,0,0,0,0,20,0,2,97.0,20,12.0
94,10,1,11,12.9,12,0,0,0,0,0,2,117.0,12,12.0
94,11,10,2,12.82,0,0,0,12,0,0,2,129.0,12,13.0
94,12,3,10,12.83,0,0,0,0,13,0,2,141.0,13,6.0
94,13,0,6,12.31,6,0,0,0,0,1,3,154.0,6,11.0
94,14,1,10,12.21,0,11,0,0,0,1,4,160.0,11,8.0
94,15,0,8,11.93,8,0,0,0,0,0,4,171.0,8,6.0
94,16,3,3,11.56,0,0,0,0,6,0,4,179.0,6,11.0
94,17,9,2,11.53,0,0,11,0,0,0,4,185.0,11,20.0
94,18,11,9,12.0,20,0,0,0,0,0,4,196.0,20,13.0
94,19,1,12,12.05,0,0,13,0,0,0,4,216.0,13,20.0
94,20,11,9,12.45,0,20,0,0,0,0,4,229.0,20,11.766766766766766
95,1,9,7,16.0,0,0,0,0,16,0,0,0.0,16,9.0
95,2,0,9,12.5,0,0,0,9,0,0,0,16.0,9,13.0
95,3,3,10,12.67,0,0,13,0,0,0,0,25.0,13,11.0
95,4,10,1,12.25,0,11,0,0,0,0,0,38.0,11,12.0
95,5,0,12,12.2,12,0,0,0,0,0,0,49.0,12,16.0
95,6,9,7,12.83,0,0,16,0,0,1,1,61.0,16,7.0
95,7,5,2,12.0,0,0,0,7,0,0,1,77.0,7,10.0
95,8,9,1,11.75,0,0,0,0,10,0,1,84.0,10,7.0
95,9,1,6,11.22,0,0,7,0,0,1,2,94.0,7,12.0
95,10,0,12,11.3,0,12,0,0,0,0,2,101.0,12,10.0
95,11,10,0,11.18,0,0,0,0,10,0,2,113.0,10,12.0
95,12,11,1,11.25,0,12,0,0,0,1,3,123.0,12,19.0
95,13,8,11,11.85,0,0,0,0,19,0,3,135.0,19,18.0
95,14,6,12,12.29,0,0,18,0,0,0,3,154.0,18,14.0
95,15,11,3,12.4,14,0,0,0,0,1,4,172.0,14,8.0
95,16,7,1,12.12,0,8,0,0,0,0,4,186.0,8,7.0
95,17,1,6,11.82,7,0,0,0,0,0,4,194.0,7,21.0
95,18,12,9,12.33,0,0,0,21,0,0,4,201.0,21,16.0
95,19,7,9,12.53,16,0,0,0,0,1,5,222.0,16,7.0
95,20,2,5,12.25,0,0,0,7,0,0,5,238.0,7,11.766766766766766
96,1,7,0,7.0,0,0,0,7,0,0,0,0.0,7,12.0
96,2,4,8,9.5,0,0,12,0,0,0,0,7.0,12,19.0
96,3,12,7,12.67,19,0,0,0,0,0,0,19.0,19,13.0
96,4,5,8,12.75,0,0,0,13,0,1,1,38.0,13,10.0
96,5,10,0,12.2,10,0,0,0,0,0,1,51.0,10,17.0
96,6,12,5,13.0,0,17,0,0,0,0,1,61.0,17,14.0
96,7,4,10,13.14,0,0,0,14,0,1,2,78.0,14,15.0
96,8,5,10,13.38,0,0,15,0,0,0,2,92.0,15,8.0
96,9,6,2,12.78,0,0,0,0,8,0,2,107.0,8,9.0
96,10,0,9,12.4,0,0,9,0,0,0,2,115.0,9,15.0
96,11,10,5,12.64,0,0,0,15,0,1,3,124.0,15,4.0
96,12,2,2,11.92,0,0,4,0,0,0,3,139.0,4,8.0
96,13,7,1,11.62,0,0,0,0,8,0,3,143.0,8,8.0
96,14,0,8,11.36,0,8,0,0,0,0,3,151.0,8,7.0
96,15,6,1,11.07,0,0,0,0,7,0,3,159.0,7,21.0
96,16,10,11,11.69,0,21,0,0,0,1,4,166.0,21,5.0
96,17,4,1,11.29,5,0,0,0,0,0,4,187.0,5,17.0
96,18,9,8,11.61,0,17,0,0,0,0,4,192.0,17,9.0
96,19,3,6,11.47,0,0,0,0,9,0,4,209.0,9,7.0
96,20,5,2,11.25,7,0,0,0,0,0,4,218.0,7,11.766766766766766
97,1,11,7,18.0,0,0,18,0,0,0,0,0.0,18,3.0
97,2,0,3,10.5,3,0,0,0,0,0,0,18.0,3,17.0
97,3,9,8,12.67,0,0,0,0,17,0,0,21.0,17,8.0
97,4,3,5,11.5,0,0,8,0,0,0,0,38.0,8,20.0
97,5,11,9,13.2,20,0,0,0,0,0,0,46.0,20,13.0
97,6,8,5,13.17,0,0,0,0,13,0,0,66.0,13,10.0
97,7,7,3,12.71,0,0,0,10,0,1,1,79.0,10,13.0
97,8,3,10,12.75,13,0,0,0,0,0,1,89.0,13,0.0
97,9,0,0,11.33,0,0,0,0,0,0,1,102.0,0,7.0
97,10,4,3,10.9,0,0,7,0,0,0,1,102.0,7,6.0
97,11,5,1,10.45,6,0,0,0,0,1,2,109.0,6,6.0
97,12,3,3,10.08,0,0,0,0,6,0,2,115.0,6,23.0
97,13,12,11,11.08,0,23,0,0,0,0,2,121.0,23,15.0
97,14,4,11,11.36,0,0,0,15,0,1,3,144.0,15,7.0
97,15,0,7,11.07,0,0,7,0,0,0,3,159.0,7,12.0
97,16,10,2,11.12,0,12,0,0,0,0,3,166.0,12,10.0
97,17,7,3,11.06,0,0,0,10,0,0,3,178.0,10,14.0
97,18,4,10,11.22,0,0,0,0,14,0,3,188.0,14,4.0
97,19,0,4,10.84,0,4,0,0,0,0,3,202.0,4,16.0
97,20,10,6,11.1,0,0,0,16,0,1,4,206.0,16,11.766766766766766
98,1,8,10,18.0,0,0,18,0,0,0,0,0.0,18,21.0
98,2,9,12,19.5,0,0,0,0,21,0,0,18.0,21,8.0
98,3,4,4,15.67,0,0,8,0,0,0,0,39.0,8,18.0
98,4,7,11,16.25,0,0,0,18,0,0,0,47.0,18,14.0
98,5,11,3,15.8,14,0,0,0,0,0,0,65.0,14,14.0
98,6,8,6,15.5,0,0,14,0,0,1,1,79.0,14,11.0
98,7,2,9,14.86,0,11,0,0,0,0,1,93.0,11,12.0
98,8,5,7,14.5,0,0,0,12,0,0,1,104.0,12,16.0
98,9,7,9,14.67,0,0,16,0,0,1,2,116.0,16,6.0
98,10,4,2,13.8,6,0,0,0,0,0,2,132.0,6,12.0
98,11,12,0,13.64,0,0,0,12,0,1,3,138.0,12,12.0
98,12,1,11,13.5,0,0,0,0,12,0,3,150.0,12,9.0
98,13,0,9,13.15,0,9,0,0,0,0,3,162.0,9,16.0
98,14,12,4,13.36,0,0,0,0,16,1,4,171.0,16,4.0
98,15,4,0,12.73,0,4,0,0,0,0,4,187.0,4,11.0
98,16,6,5,12.62,11,0,0,0,0,0,4,191.0,11,8.0
98,17,7,1,12.35,0,0,0,8,0,0,4,202.0,8,14.0
98,18,12,2,12.44,14,0,0,0,0,0,4,210.0,14,10.0
98,19,0,10,12.32,0,0,0,0,10,0,4,224.0,10,11.0
98,20,0,11,12.25,0,11,0,0,0,0,4,234.0,11,11.766766766766766
99,1,5,5,10.0,0,0,10,0,0,1,1,0.0,10,9.0
99,2,0,9,9.5,0,0,0,9,0,1,2,10.0,9,19.0
99,3,9,10,12.67,0,19,0,0,0,1,3,19.0,19,16.0
99,4,6,10,13.5,0,0,0,16,0,1,4,38.0,16,20.0
99,5,11,9,14.8,0,0,20,0,0,0,4,54.0,20,3.0
99,6,3,0,12.83,0,0,0,0,3,0,4,74.0,3,20.0
99,7,12,8,13.86,0,0,0,20,0,0,4,77.0,20,0.0
99,8,0,0,12.12,0,0,0,0,0,0,4,97.0,0,17.0
99,9,5,12,12.67,17,0,0,0,0,0,4,97.0,17,7.0
99,10,1,6,12.1,0,0,0,7,0,1,5,114.0,7,18.0
99,11,6,12,12.64,0,0,0,0,18,1,6,121.0,18,3.0
99,12,0,3,11.83,3,0,0,0,0,0,6,139.0,3,13.0
99,13,3,10,11.92,0,13,0,0,0,0,6,142.0,13,23.0
99,14,11,12,12.71,23,0,0,0,0,0,6,155.0,23,6.0
99,15,3,3,12.27,0,0,0,0,6,1,7,178.0,6,18.0
99,16,11,7,12.62,0,0,18,0,0,0,7,184.0,18,4.0
99,17,2,2,12.12,4,0,0,0,0,0,7,202.0,4,4.0
99,18,0,4,11.67,0,4,0,0,0,1,8,206.0,4,3.0
99,19,1,2,11.21,0,0,3,0,0,0,8,210.0,3,9.0
99,20,8,1,11.1,0,9,0,0,0,0,8,213.0,9,11.766766766766766
100,1,0,1,1.0,0,1,0,0,0,0,0,0.0,1,18.0
100,2,12,6,9.5,0,0,18,0,0,0,0,1.0,18,13.0
100,3,9,4,10.67,13,0,0,0,0,0,0,19.0,13,10.0
100,4,8,2,10.5,0,0,10,0,0,0,0,32.0,10,21.0
100,5,9,12,12.6,0,21,0,0,0,0,0,42.0,21,12.0
100,6,3,9,12.5,0,0,0,12,0,0,0,63.0,12,5.0
100,7,1,4,11.43,5,0,0,0,0,0,0,75.0,5,17.0
100,8,6,11,12.12,0,0,0,0,17,0,0,80.0,17,10.0
100,9,7,3,11.89,0,10,0,0,0,0,0,97.0,10,15.0
100,10,8,7,12.2,0,0,0,0,15,0,0,107.0,15,10.0
100,11,7,3,12.0,0,0,0,10,0,0,0,122.0,10,13.0
100,12,1,12,12.08,0,13,0,0,0,0,0,132.0,13,10.0
100,13,10,0,11.92,0,0,10,0,0,0,0,145.0,10,2.0
100,14,0,2,11.21,0,0,0,0,2,0,0,155.0,2,10.0
100,15,1,9,11.13,0,0,0,10,0,0,0,157.0,10,6.0
100,16,3,3,10.81,0,0,6,0,0,0,0,167.0,6,20.0
100,17,9,11,11.35,0,0,0,20,0,0,0,173.0,20,7.0
100,18,1,6,11.11,0,0,0,0,7,0,0,193.0,7,0.0
100,19,0,0,10.53,0,0,0,0,0,1,1,200.0,0,12.0
100,20,6,6,10.6,12,0,0,0,0,1,2,200.0,12,11.766766766766766
